tweet_id,year,AR,MB
1.39e+18,2021,1,1
1.41e+18,2021,1,1
1.39e+18,2021,3,3
1.44e+18,2021,1,1
1.45e+18,2021,1,1
1.35e+18,2021,2,2
1.4e+18,2021,1,1
1.41e+18,2021,1,1
1.41e+18,2021,1,1
1.36e+18,2021,1,1
1.46e+18,2021,1,1
1.46e+18,2021,2,2
1.38e+18,2021,2,2
1.42e+18,2021,3,3
1.42e+18,2021,3,3
1.41e+18,2021,1,1
1.45e+18,2021,1,1
1.42e+18,2021,1,1
1.42e+18,2021,2,2
1.47e+18,2021,1,2
1.42e+18,2021,3,1
1.39e+18,2021,2,2
1.4e+18,2021,1,1
1.42e+18,2021,1,1
1.44e+18,2021,1,1
1.42e+18,2021,1,2
1.45e+18,2021,1,1
1.38e+18,2021,1,1
1.39e+18,2021,1,1
1.47e+18,2021,3,3
1.4e+18,2021,1,1
1.38e+18,2021,1,1
1.37e+18,2021,1,1
1.48e+18,2021,1,1
1.45e+18,2021,1,1
1.44e+18,2021,3,3
1.46e+18,2021,1,1
1.43e+18,2021,1,1
1.43e+18,2021,3,3
1.46e+18,2021,1,1
1.38e+18,2021,1,3
1.4e+18,2021,1,1
1.35e+18,2021,1,1
1.47e+18,2021,1,1
1.36e+18,2021,1,1
1.47e+18,2021,1,1
1.43e+18,2021,1,1
1.4e+18,2021,2,2
1.43e+18,2021,2,2
1.46e+18,2021,3,3
1.42e+18,2021,1,1
1.44e+18,2021,3,3
1.47e+18,2021,3,3
1.43e+18,2021,2,2
1.45e+18,2021,3,3
1.4e+18,2021,3,3
1.47e+18,2021,1,1
1.39e+18,2021,2,2
1.46e+18,2021,1,1
1.4e+18,2021,2,2
1.38e+18,2021,2,2
1.41e+18,2021,1,1
1.35e+18,2021,2,2
1.4e+18,2021,1,1
1.47e+18,2021,2,2
1.46e+18,2021,1,1
1.46e+18,2021,3,3
1.35e+18,2021,3,3
1.46e+18,2021,3,3
1.44e+18,2021,3,3
1.42e+18,2021,2,2
1.47e+18,2021,3,3
1.37e+18,2021,3,3
1.45e+18,2021,3,3
1.47e+18,2021,1,1
1.43e+18,2021,3,3
1.41e+18,2021,1,1
1.36e+18,2021,1,1
1.42e+18,2021,3,3
1.4e+18,2021,2,2
1.39e+18,2021,2,2
1.47e+18,2021,3,3
1.43e+18,2021,1,1
1.36e+18,2021,3,1
1.45e+18,2021,1,1
1.36e+18,2021,1,1
1.46e+18,2021,3,3
1.42e+18,2021,2,2
1.37e+18,2021,3,3
1.35e+18,2021,3,3
1.4e+18,2021,3,3
1.36e+18,2021,3,3
1.46e+18,2021,2,2
1.45e+18,2021,2,2
1.4e+18,2021,2,2
1.4e+18,2021,1,1
1.35e+18,2021,1,3
1.38e+18,2021,3,3
1.47e+18,2021,1,1
1.39e+18,2021,1,1
1.4e+18,2021,1,1
1.46e+18,2021,3,3
1.44e+18,2021,2,2
1.36e+18,2021,2,2
1.4e+18,2021,1,1
1.37e+18,2021,1,1
1.41e+18,2021,2,2
1.36e+18,2021,1,1
1.36e+18,2021,2,2
1.41e+18,2021,3,3
1.37e+18,2021,1,1
1.36e+18,2021,1,1
1.41e+18,2021,3,3
1.43e+18,2021,1,1
1.47e+18,2021,1,1
1.42e+18,2021,1,1
1.46e+18,2021,3,3
1.42e+18,2021,2,2
1.44e+18,2021,2,2
1.43e+18,2021,1,1
1.39e+18,2021,1,1
1.35e+18,2021,1,1
1.43e+18,2021,3,3
1.44e+18,2021,1,2
1.45e+18,2021,1,1
1.42e+18,2021,1,1
1.4e+18,2021,3,3
1.39e+18,2021,3,3
1.35e+18,2021,3,3
1.36e+18,2021,3,3
1.38e+18,2021,1,2
1.37e+18,2021,1,1
1.45e+18,2021,1,1
1.39e+18,2021,3,3
1.43e+18,2021,3,3
1.37e+18,2021,3,3
1.41e+18,2021,1,1
1.41e+18,2021,1,1
1.4e+18,2021,1,2
1.43e+18,2021,1,1
1.39e+18,2021,1,1
1.44e+18,2021,1,1
1.36e+18,2021,1,1
1.45e+18,2021,3,3
1.46e+18,2021,1,1
1.41e+18,2021,1,1
1.44e+18,2021,1,3
1.36e+18,2021,1,1
1.41e+18,2021,1,2
1.35e+18,2021,3,1
1.39e+18,2021,3,3
1.43e+18,2021,1,1
1.47e+18,2021,1,1
1.38e+18,2021,2,2
1.41e+18,2021,1,1
1.42e+18,2021,3,1
1.44e+18,2021,1,1
1.43e+18,2021,1,2
1.46e+18,2021,1,1
1.4e+18,2021,2,2
1.36e+18,2021,2,2
1.45e+18,2021,1,1
1.43e+18,2021,3,3
1.35e+18,2021,1,1
1.47e+18,2021,3,3
1.4e+18,2021,2,2
1.44e+18,2021,3,3
1.39e+18,2021,1,1
1.35e+18,2021,2,1
1.45e+18,2021,3,3
1.42e+18,2021,1,1
1.37e+18,2021,1,1
1.37e+18,2021,1,1
1.42e+18,2021,1,1
1.45e+18,2021,3,3
1.43e+18,2021,1,1
1.47e+18,2021,3,1
1.38e+18,2021,1,1
1.46e+18,2021,2,2
1.37e+18,2021,2,2
1.38e+18,2021,1,1
1.39e+18,2021,1,1
1.37e+18,2021,1,1
1.42e+18,2021,1,1
1.42e+18,2021,1,1
1.43e+18,2021,2,2
1.43e+18,2021,1,2
1.41e+18,2021,1,1
1.45e+18,2021,3,3
1.38e+18,2021,3,3
1.39e+18,2021,2,2
1.37e+18,2021,1,1
1.39e+18,2021,2,2
1.39e+18,2021,3,3
1.36e+18,2021,3,1
1.47e+18,2021,1,1
1.35e+18,2021,1,2
1.41e+18,2021,2,2
1.41e+18,2021,1,1
1.42e+18,2021,3,3
1.37e+18,2021,1,1
1.44e+18,2021,3,1
1.46e+18,2021,3,3
1.38e+18,2021,1,1
1.47e+18,2021,3,3
1.45e+18,2021,2,2
1.45e+18,2021,3,3
1.35e+18,2021,1,1
1.4e+18,2021,1,1
1.46e+18,2021,1,1
1.43e+18,2021,3,3
1.42e+18,2021,1,1
1.39e+18,2021,3,3
1.37e+18,2021,1,1
1.41e+18,2021,3,1
1.36e+18,2021,1,1
1.36e+18,2021,1,1
1.44e+18,2021,3,3
1.39e+18,2021,2,2
1.39e+18,2021,1,1
1.45e+18,2021,1,1
1.42e+18,2021,1,1
1.4e+18,2021,3,3
1.38e+18,2021,2,2
1.39e+18,2021,2,2
1.37e+18,2021,1,1
1.45e+18,2021,3,3
1.36e+18,2021,2,2
1.37e+18,2021,1,1
1.39e+18,2021,1,1
1.46e+18,2021,1,1
1.35e+18,2021,3,3
1.36e+18,2021,1,1
1.38e+18,2021,3,3
1.45e+18,2021,1,2
1.44e+18,2021,2,2
1.44e+18,2021,1,1
1.47e+18,2021,2,2
1.37e+18,2021,2,2
1.4e+18,2021,2,2
1.4e+18,2021,1,1
1.37e+18,2021,3,3
1.43e+18,2021,3,3
1.48e+18,2021,3,3
1.42e+18,2021,3,3
1.43e+18,2021,3,3
1.46e+18,2021,3,3
1.45e+18,2021,1,1
1.38e+18,2021,1,2
1.44e+18,2021,1,1
1.43e+18,2021,2,2
1.44e+18,2021,2,2
1.41e+18,2021,2,2
1.4e+18,2021,3,3
1.42e+18,2021,2,2
1.36e+18,2021,1,1
1.43e+18,2021,2,2
1.44e+18,2021,3,3
1.46e+18,2021,3,1
1.43e+18,2021,3,3
1.43e+18,2021,3,3
1.44e+18,2021,1,1
1.39e+18,2021,1,1
1.42e+18,2021,1,1
1.42e+18,2021,1,1
1.44e+18,2021,1,1
1.47e+18,2021,2,2
1.4e+18,2021,3,3
1.41e+18,2021,1,1
1.4e+18,2021,3,3
1.42e+18,2021,2,1
1.38e+18,2021,3,3
1.38e+18,2021,3,3
1.38e+18,2021,1,1
1.4e+18,2021,1,3
1.43e+18,2021,1,1
1.45e+18,2021,3,3
1.4e+18,2021,3,3
1.43e+18,2021,2,2
1.46e+18,2021,2,2
1.47e+18,2021,2,2
1.39e+18,2021,1,1
1.41e+18,2021,1,1
1.41e+18,2021,3,3
1.45e+18,2021,3,3
1.37e+18,2021,3,3
1.46e+18,2021,1,1
1.46e+18,2021,1,1
1.43e+18,2021,3,1
1.39e+18,2021,1,2
1.46e+18,2021,3,3
1.43e+18,2021,2,2
1.35e+18,2021,3,3
1.38e+18,2021,3,3
1.38e+18,2021,3,3
1.37e+18,2021,2,2
1.41e+18,2021,2,2
1.46e+18,2021,3,3
1.35e+18,2021,3,3
1.46e+18,2021,1,1
1.39e+18,2021,3,3
1.46e+18,2021,3,3
1.47e+18,2021,3,3
1.41e+18,2021,1,1
1.45e+18,2021,2,2
1.37e+18,2021,1,2
1.47e+18,2021,1,1
1.42e+18,2021,2,2
1.46e+18,2021,3,3
1.46e+18,2021,3,3
1.37e+18,2021,3,3
1.35e+18,2021,2,2
1.36e+18,2021,3,3
1.4e+18,2021,2,2
1.39e+18,2021,1,1
1.4e+18,2021,1,2
1.36e+18,2021,3,3
1.46e+18,2021,3,3
1.4e+18,2021,3,3
1.44e+18,2021,1,1
1.47e+18,2021,1,1
1.44e+18,2021,1,1
1.43e+18,2021,3,3
1.44e+18,2021,1,1
1.39e+18,2021,3,3
1.36e+18,2021,3,3
1.39e+18,2021,1,1
1.4e+18,2021,3,3
1.38e+18,2021,1,1
1.38e+18,2021,2,2
1.37e+18,2021,3,3
1.36e+18,2021,3,3
1.35e+18,2021,2,2
1.39e+18,2021,3,2
1.36e+18,2021,1,1
1.42e+18,2021,1,1
1.47e+18,2021,3,3
1.39e+18,2021,3,3
1.42e+18,2021,2,2
1.45e+18,2021,1,1
1.46e+18,2021,1,1
1.44e+18,2021,1,1
1.36e+18,2021,3,3
1.36e+18,2021,1,1
1.42e+18,2021,3,3
1.47e+18,2021,1,1
1.37e+18,2021,1,1
1.39e+18,2021,1,1
1.41e+18,2021,1,1
1.38e+18,2021,2,2
1.36e+18,2021,1,1
1.45e+18,2021,3,3
1.4e+18,2021,3,1
1.37e+18,2021,1,1
1.42e+18,2021,3,3
1.43e+18,2021,1,3
1.39e+18,2021,3,3
1.35e+18,2021,3,3
1.37e+18,2021,1,1
1.39e+18,2021,1,1
1.36e+18,2021,3,3
1.38e+18,2021,1,1
1.47e+18,2021,3,3
1.39e+18,2021,3,3
1.46e+18,2021,3,3
1.34e+18,2021,3,3
1.38e+18,2021,1,1
1.36e+18,2021,1,1
1.35e+18,2021,3,3
1.35e+18,2021,1,2
1.45e+18,2021,3,3
1.35e+18,2021,3,3
1.46e+18,2021,1,1
1.46e+18,2021,3,3
1.41e+18,2021,3,3
1.35e+18,2021,3,3
1.43e+18,2021,2,2
1.35e+18,2021,1,3
1.47e+18,2021,2,2
1.41e+18,2021,2,2
1.42e+18,2021,2,3
1.42e+18,2021,1,1
1.4e+18,2021,1,2
1.46e+18,2021,1,2
1.39e+18,2021,3,3
1.42e+18,2021,3,3
1.38e+18,2021,3,3
1.39e+18,2021,1,1
1.41e+18,2021,3,3
1.41e+18,2021,1,1
1.39e+18,2021,1,2
1.36e+18,2021,1,1
1.44e+18,2021,2,2
1.45e+18,2021,2,2
1.37e+18,2021,2,2
1.4e+18,2021,2,2
1.43e+18,2021,1,1
1.38e+18,2021,1,2
1.39e+18,2021,2,2
1.42e+18,2021,3,3
1.37e+18,2021,3,3
1.42e+18,2021,1,1
1.41e+18,2021,3,3
1.36e+18,2021,3,3
1.45e+18,2021,1,1
1.39e+18,2021,2,2
1.42e+18,2021,2,2
1.46e+18,2021,1,1
1.47e+18,2021,3,3
1.35e+18,2021,3,3
1.47e+18,2021,2,2
1.42e+18,2021,3,3
1.42e+18,2021,2,2
1.42e+18,2021,2,2
1.35e+18,2021,3,3
1.36e+18,2021,1,1
1.46e+18,2021,1,3
1.4e+18,2021,1,3
1.44e+18,2021,3,3
1.46e+18,2021,3,1
1.4e+18,2021,1,1
1.36e+18,2021,1,1
1.41e+18,2021,3,3
1.41e+18,2021,3,3
1.43e+18,2021,3,3
1.37e+18,2021,2,2
1.38e+18,2021,3,3
1.4e+18,2021,1,1
1.44e+18,2021,1,1
1.43e+18,2021,3,3
1.42e+18,2021,1,1
1.45e+18,2021,1,1
1.41e+18,2021,1,1
1.36e+18,2021,1,1
1.45e+18,2021,1,1
1.44e+18,2021,1,1
1.37e+18,2021,3,3
1.39e+18,2021,2,2
1.39e+18,2021,2,2
1.39e+18,2021,1,1
1.38e+18,2021,3,3
1.48e+18,2021,3,3
1.38e+18,2021,1,1
1.38e+18,2021,3,3
1.41e+18,2021,2,2
1.38e+18,2021,3,3
1.47e+18,2021,1,1
1.4e+18,2021,3,3
1.37e+18,2021,3,3
1.46e+18,2021,1,1
1.38e+18,2021,3,3
1.46e+18,2021,3,3
1.45e+18,2021,1,1
1.39e+18,2021,2,2
1.44e+18,2021,2,2
1.43e+18,2021,2,2
1.4e+18,2021,2,1
1.38e+18,2021,1,1
4.77e+17,2014,2,2
4.81e+17,2014,2,2
4.76e+17,2014,1,1
4.49e+17,2014,3,3
4.27e+17,2014,1,1
4.25e+17,2014,3,3
4.28e+17,2014,1,1
4.49e+17,2014,2,2
4.67e+17,2014,1,1
5.41e+17,2014,1,1
4.44e+17,2014,2,2
4.28e+17,2014,3,3
4.42e+17,2014,1,1
4.4e+17,2014,1,1
4.9e+17,2014,1,1
4.77e+17,2014,3,3
4.81e+17,2014,3,3
4.29e+17,2014,1,1
5.48e+17,2014,3,3
4.38e+17,2014,3,3
5.26e+17,2014,3,3
5.24e+17,2014,1,1
5.2e+17,2014,1,3
4.46e+17,2014,1,1
4.7e+17,2014,1,1
5.29e+17,2014,3,3
4.29e+17,2014,3,3
5.22e+17,2014,3,3
4.46e+17,2014,1,1
5.26e+17,2014,3,3
4.66e+17,2014,3,3
4.58e+17,2014,3,3
4.63e+17,2014,1,1
4.49e+17,2014,3,3
5.26e+17,2014,1,1
4.72e+17,2014,1,3
4.51e+17,2014,3,3
5.13e+17,2014,2,2
4.55e+17,2014,1,1
4.67e+17,2014,1,1
5.32e+17,2014,3,3
4.92e+17,2014,3,3
5.33e+17,2014,3,3
4.48e+17,2014,1,1
5.25e+17,2014,3,3
4.56e+17,2014,3,3
5.13e+17,2014,2,2
4.89e+17,2014,2,2
4.82e+17,2014,1,1
4.89e+17,2014,2,2
4.23e+17,2014,1,1
4.67e+17,2014,2,2
4.26e+17,2014,1,1
5.34e+17,2014,2,2
4.81e+17,2014,1,1
5.4e+17,2014,3,3
4.23e+17,2014,3,1
5.32e+17,2014,3,3
5.37e+17,2014,3,3
4.83e+17,2014,3,3
5.41e+17,2014,2,2
4.55e+17,2014,2,2
4.59e+17,2014,1,1
4.86e+17,2014,1,1
4.5e+17,2014,3,3
4.75e+17,2014,1,1
4.92e+17,2014,2,2
4.43e+17,2014,2,2
5.1e+17,2014,3,3
5.28e+17,2014,1,1
4.7e+17,2014,2,1
4.74e+17,2014,2,2
4.59e+17,2014,3,3
4.62e+17,2014,1,1
4.74e+17,2014,2,2
5.09e+17,2014,1,1
4.31e+17,2014,2,2
5.12e+17,2014,3,3
4.76e+17,2014,2,2
4.7e+17,2014,3,3
4.89e+17,2014,1,1
5.36e+17,2014,2,2
4.9e+17,2014,2,2
5.41e+17,2014,3,3
4.71e+17,2014,1,1
4.61e+17,2014,2,2
4.94e+17,2014,3,3
5.17e+17,2014,3,3
4.94e+17,2014,1,1
4.31e+17,2014,1,2
5.21e+17,2014,3,3
4.66e+17,2014,1,3
4.89e+17,2014,2,2
5.1e+17,2014,1,1
4.7e+17,2014,1,2
5.44e+17,2014,1,1
4.94e+17,2014,2,2
5.07e+17,2014,3,3
4.46e+17,2014,3,3
4.38e+17,2014,2,2
4.51e+17,2014,1,1
4.31e+17,2014,2,2
4.82e+17,2014,1,1
5.33e+17,2014,1,1
4.62e+17,2014,2,2
5.15e+17,2014,3,1
4.66e+17,2014,1,1
4.82e+17,2014,1,1
4.89e+17,2014,2,2
4.99e+17,2014,1,1
4.7e+17,2014,2,1
5.3e+17,2014,3,3
5.36e+17,2014,2,2
4.94e+17,2014,1,1
4.43e+17,2014,1,1
4.61e+17,2014,2,2
4.94e+17,2014,3,3
4.79e+17,2014,3,3
4.32e+17,2014,3,3
5.07e+17,2014,1,1
4.76e+17,2014,1,1
4.2e+17,2014,3,3
4.52e+17,2014,2,2
4.51e+17,2014,2,2
4.51e+17,2014,2,2
4.32e+17,2014,3,3
5.41e+17,2014,1,1
4.82e+17,2014,3,3
5.45e+17,2014,3,3
4.89e+17,2014,1,1
5.27e+17,2014,3,3
4.92e+17,2014,3,3
4.62e+17,2014,3,3
4.74e+17,2014,2,2
4.58e+17,2014,3,3
5.17e+17,2014,3,3
5.18e+17,2014,2,2
5.28e+17,2014,3,3
4.32e+17,2014,2,2
5.23e+17,2014,3,3
4.44e+17,2014,2,2
4.46e+17,2014,3,3
4.74e+17,2014,3,3
5.29e+17,2014,1,1
5.17e+17,2014,3,3
5.23e+17,2014,3,1
5.21e+17,2014,3,3
5.37e+17,2014,3,3
4.31e+17,2014,1,1
4.42e+17,2014,1,1
4.38e+17,2014,3,3
4.29e+17,2014,1,1
4.41e+17,2014,1,1
4.76e+17,2014,3,3
4.68e+17,2014,2,2
5.27e+17,2014,3,3
4.41e+17,2014,1,1
5.41e+17,2014,3,3
4.67e+17,2014,1,1
4.34e+17,2014,3,2
4.46e+17,2014,1,1
4.9e+17,2014,3,3
4.34e+17,2014,3,3
4.43e+17,2014,1,1
4.92e+17,2014,3,3
4.43e+17,2014,1,1
5.28e+17,2014,3,3
5.05e+17,2014,3,3
5.42e+17,2014,3,3
4.71e+17,2014,1,1
4.37e+17,2014,3,3
4.31e+17,2014,1,2
4.72e+17,2014,1,1
4.83e+17,2014,3,3
4.73e+17,2014,3,3
5.06e+17,2014,3,3
4.99e+17,2014,2,2
4.59e+17,2014,1,3
4.45e+17,2014,3,3
4.97e+17,2014,1,1
5.05e+17,2014,3,1
5.1e+17,2014,1,1
5.15e+17,2014,1,1
5.41e+17,2014,3,2
4.35e+17,2014,3,3
5.4e+17,2014,1,1
4.2e+17,2014,2,2
4.26e+17,2014,3,3
4.54e+17,2014,1,1
5.35e+17,2014,2,2
4.5e+17,2014,3,3
5.29e+17,2014,3,3
4.47e+17,2014,3,3
4.76e+17,2014,3,3
5e+17,2014,3,3
4.69e+17,2014,3,2
4.72e+17,2014,3,3
4.58e+17,2014,3,3
4.62e+17,2014,2,2
4.67e+17,2014,3,3
4.95e+17,2014,1,1
4.23e+17,2014,3,3
5.25e+17,2014,3,1
5.09e+17,2014,3,3
4.79e+17,2014,2,1
5.19e+17,2014,3,3
4.65e+17,2014,3,3
4.95e+17,2014,2,1
5.41e+17,2014,3,3
5.34e+17,2014,1,1
4.88e+17,2014,3,3
4.95e+17,2014,1,1
4.49e+17,2014,1,2
5.09e+17,2014,3,3
4.67e+17,2014,1,1
4.71e+17,2014,3,3
5.16e+17,2014,3,3
5.28e+17,2014,3,3
5.08e+17,2014,3,3
4.92e+17,2014,3,3
5.03e+17,2014,1,3
5.21e+17,2014,1,1
4.36e+17,2014,1,1
4.66e+17,2014,3,3
5.06e+17,2014,3,1
5.24e+17,2014,3,3
5.29e+17,2014,3,3
4.61e+17,2014,3,3
4.86e+17,2014,3,3
4.97e+17,2014,1,3
5.27e+17,2014,3,3
5.09e+17,2014,3,3
4.93e+17,2014,1,1
4.84e+17,2014,3,3
4.64e+17,2014,1,1
4.97e+17,2014,1,1
4.63e+17,2014,2,2
4.64e+17,2014,3,3
5.2e+17,2014,3,3
4.68e+17,2014,1,1
4.39e+17,2014,1,1
5.23e+17,2014,3,3
5.16e+17,2014,1,1
5.07e+17,2014,3,3
4.95e+17,2014,3,3
4.62e+17,2014,3,3
5.27e+17,2014,3,3
5.21e+17,2014,3,3
4.53e+17,2014,1,2
5.28e+17,2014,3,2
4.84e+17,2014,3,3
5.29e+17,2014,3,3
5.14e+17,2014,2,2
5.26e+17,2014,3,3
4.75e+17,2014,1,1
5.29e+17,2014,3,3
4.83e+17,2014,3,3
4.69e+17,2014,3,3
4.21e+17,2014,3,3
5.3e+17,2014,3,3
4.45e+17,2014,3,3
5.2e+17,2014,1,1
5.32e+17,2014,3,3
4.34e+17,2014,3,3
4.95e+17,2014,1,3
5.05e+17,2014,1,1
4.82e+17,2014,3,3
4.49e+17,2014,1,1
5.27e+17,2014,1,1
4.96e+17,2014,3,3
5.11e+17,2014,1,2
4.52e+17,2014,2,2
4.58e+17,2014,3,3
5.3e+17,2014,3,3
6.03e+17,2015,3,3
6.25e+17,2015,3,3
5.78e+17,2015,1,2
6.08e+17,2015,3,3
5.74e+17,2015,3,3
5.73e+17,2015,1,1
5.93e+17,2015,1,1
6.05e+17,2015,1,1
6.39e+17,2015,2,2
5.91e+17,2015,1,1
6.78e+17,2015,1,2
6.5e+17,2015,3,3
5.69e+17,2015,2,2
5.71e+17,2015,1,1
5.76e+17,2015,2,2
6.41e+17,2015,3,3
6.67e+17,2015,1,1
6.09e+17,2015,3,3
6.07e+17,2015,3,3
6.59e+17,2015,2,2
6.36e+17,2015,3,3
5.92e+17,2015,1,1
5.65e+17,2015,3,3
5.99e+17,2015,3,3
5.58e+17,2015,3,3
6.34e+17,2015,3,3
6.62e+17,2015,3,3
5.93e+17,2015,2,2
6.39e+17,2015,1,2
6.83e+17,2015,3,3
6.46e+17,2015,3,3
6.77e+17,2015,1,1
6.03e+17,2015,3,3
6.54e+17,2015,1,1
5.71e+17,2015,1,1
5.63e+17,2015,3,3
6e+17,2015,1,1
5.62e+17,2015,3,3
5.74e+17,2015,3,3
5.62e+17,2015,3,3
5.57e+17,2015,2,2
6.5e+17,2015,1,1
6.09e+17,2015,3,3
5.58e+17,2015,3,3
6.05e+17,2015,2,2
6.52e+17,2015,1,1
6.55e+17,2015,3,3
6.34e+17,2015,3,3
5.82e+17,2015,3,3
6.1e+17,2015,3,3
6.65e+17,2015,3,3
6.14e+17,2015,2,2
5.58e+17,2015,3,3
5.97e+17,2015,1,1
5.75e+17,2015,3,3
6.05e+17,2015,2,2
5.93e+17,2015,2,2
6.68e+17,2015,3,3
6.51e+17,2015,3,3
6.06e+17,2015,2,2
5.76e+17,2015,3,3
5.55e+17,2015,2,2
6.64e+17,2015,3,3
6.53e+17,2015,3,3
6.45e+17,2015,1,1
6.26e+17,2015,1,1
5.54e+17,2015,3,3
6.17e+17,2015,3,3
6.5e+17,2015,3,3
6.18e+17,2015,1,1
6.06e+17,2015,3,3
5.89e+17,2015,2,1
5.86e+17,2015,3,3
6.24e+17,2015,3,1
6.21e+17,2015,1,1
6.15e+17,2015,3,3
6.57e+17,2015,1,1
6.33e+17,2015,3,3
6.74e+17,2015,3,3
6.67e+17,2015,1,1
6.45e+17,2015,1,1
6.46e+17,2015,1,1
6.3e+17,2015,1,1
6.75e+17,2015,3,3
6.35e+17,2015,3,3
6.16e+17,2015,1,1
6.62e+17,2015,1,1
6.33e+17,2015,1,1
6.04e+17,2015,3,3
6.82e+17,2015,3,3
6.73e+17,2015,2,2
6e+17,2015,3,3
6.77e+17,2015,1,1
5.95e+17,2015,3,3
6.21e+17,2015,2,2
6.83e+17,2015,3,3
6.75e+17,2015,3,3
6.63e+17,2015,3,3
6.43e+17,2015,1,1
6.13e+17,2015,2,2
6.01e+17,2015,3,3
6.22e+17,2015,1,3
6.55e+17,2015,1,1
6.77e+17,2015,3,3
5.99e+17,2015,1,1
6.5e+17,2015,3,3
5.53e+17,2015,3,3
6.24e+17,2015,3,3
6.75e+17,2015,3,3
6.44e+17,2015,1,1
6.43e+17,2015,2,2
5.83e+17,2015,1,1
6.33e+17,2015,1,1
5.71e+17,2015,2,2
6.19e+17,2015,3,3
6.78e+17,2015,2,2
6.47e+17,2015,3,3
6.18e+17,2015,2,2
5.6e+17,2015,3,3
5.93e+17,2015,1,1
5.6e+17,2015,1,1
5.8e+17,2015,1,1
6.58e+17,2015,3,3
6.57e+17,2015,1,1
6.06e+17,2015,1,1
5.74e+17,2015,1,1
6.44e+17,2015,1,1
6e+17,2015,2,2
5.58e+17,2015,2,3
6.67e+17,2015,1,1
6.21e+17,2015,1,3
6.73e+17,2015,2,2
6.45e+17,2015,2,1
6.16e+17,2015,1,2
5.63e+17,2015,1,1
6.06e+17,2015,2,2
6.31e+17,2015,1,1
5.69e+17,2015,1,3
5.63e+17,2015,3,3
6.33e+17,2015,3,3
5.89e+17,2015,1,1
6.8e+17,2015,3,3
6.27e+17,2015,2,2
6.52e+17,2015,3,3
5.79e+17,2015,3,3
5.74e+17,2015,1,1
6.74e+17,2015,1,1
6.04e+17,2015,1,1
6.2e+17,2015,1,3
6.14e+17,2015,2,2
6.21e+17,2015,2,2
6.19e+17,2015,1,2
6.43e+17,2015,3,3
6.5e+17,2015,1,1
6.6e+17,2015,3,3
6.28e+17,2015,1,1
6.22e+17,2015,3,1
6.23e+17,2015,3,3
6.36e+17,2015,1,1
5.78e+17,2015,1,1
6.02e+17,2015,1,1
6.29e+17,2015,2,2
5.78e+17,2015,2,2
6.61e+17,2015,2,2
6.11e+17,2015,3,3
6.78e+17,2015,3,3
6.16e+17,2015,3,3
6.5e+17,2015,2,2
6.75e+17,2015,3,3
5.99e+17,2015,3,3
6.77e+17,2015,2,3
5.94e+17,2015,2,2
5.66e+17,2015,2,1
6.43e+17,2015,3,3
6.62e+17,2015,2,2
6.09e+17,2015,3,3
6.64e+17,2015,3,3
6.62e+17,2015,3,3
6.3e+17,2015,3,3
5.8e+17,2015,1,1
6.51e+17,2015,2,1
6.09e+17,2015,3,3
6.15e+17,2015,3,3
5.96e+17,2015,2,2
6.64e+17,2015,2,1
5.93e+17,2015,3,3
5.81e+17,2015,3,3
6.59e+17,2015,2,2
6.19e+17,2015,2,2
6.67e+17,2015,2,1
5.92e+17,2015,3,3
6.65e+17,2015,1,1
5.63e+17,2015,3,3
6.63e+17,2015,3,3
5.85e+17,2015,3,3
6.18e+17,2015,1,1
5.74e+17,2015,3,3
6.67e+17,2015,1,1
6.45e+17,2015,3,3
6.75e+17,2015,1,1
6.07e+17,2015,3,3
5.64e+17,2015,1,1
5.83e+17,2015,3,3
6.78e+17,2015,2,2
6.74e+17,2015,1,1
6.24e+17,2015,1,1
6.07e+17,2015,1,1
5.82e+17,2015,3,3
5.63e+17,2015,1,1
5.8e+17,2015,1,1
5.68e+17,2015,3,3
6.6e+17,2015,3,3
6.36e+17,2015,3,3
6.74e+17,2015,2,2
5.66e+17,2015,3,3
5.92e+17,2015,2,1
5.81e+17,2015,2,2
6.49e+17,2015,1,1
6.77e+17,2015,3,2
6.22e+17,2015,3,3
6.54e+17,2015,3,3
6.77e+17,2015,1,1
5.66e+17,2015,3,3
5.91e+17,2015,3,3
5.7e+17,2015,3,3
6.73e+17,2015,1,1
6.42e+17,2015,1,1
5.96e+17,2015,2,2
6.01e+17,2015,1,1
6.6e+17,2015,2,2
6.29e+17,2015,3,3
6.08e+17,2015,2,2
6.36e+17,2015,3,3
6.28e+17,2015,1,1
6.76e+17,2015,1,1
6.45e+17,2015,3,3
5.7e+17,2015,2,2
6.01e+17,2015,1,1
6.34e+17,2015,3,3
5.81e+17,2015,1,1
6.59e+17,2015,2,2
5.89e+17,2015,3,3
5.66e+17,2015,3,3
6.71e+17,2015,1,1
5.96e+17,2015,3,3
6.57e+17,2015,3,1
5.65e+17,2015,1,1
5.72e+17,2015,3,3
6.47e+17,2015,2,2
6.42e+17,2015,1,1
6.77e+17,2015,2,1
6.83e+17,2015,3,3
5.83e+17,2015,1,1
5.78e+17,2015,2,1
5.81e+17,2015,2,2
6.47e+17,2015,3,3
7.3e+17,2016,1,1
7.3e+17,2016,2,2
7.08e+17,2016,3,3
7.82e+17,2016,3,3
8.04e+17,2016,3,3
8.07e+17,2016,2,2
7.35e+17,2016,3,3
6.95e+17,2016,3,3
7.23e+17,2016,2,2
8.1e+17,2016,1,3
7.63e+17,2016,3,3
7.79e+17,2016,1,1
6.98e+17,2016,3,3
7.37e+17,2016,3,3
7.51e+17,2016,2,2
7.55e+17,2016,1,1
7.45e+17,2016,1,1
7.43e+17,2016,1,1
7.58e+17,2016,2,2
7.46e+17,2016,1,1
8.13e+17,2016,1,1
7.1e+17,2016,2,2
7.97e+17,2016,3,3
7.27e+17,2016,3,3
7.88e+17,2016,2,2
6.83e+17,2016,3,3
7.37e+17,2016,3,3
7.34e+17,2016,3,3
7.12e+17,2016,3,3
7.08e+17,2016,1,1
7.64e+17,2016,2,1
7.21e+17,2016,1,1
7.28e+17,2016,2,2
7.83e+17,2016,1,1
7.44e+17,2016,1,1
7.36e+17,2016,2,2
7.81e+17,2016,3,3
7.33e+17,2016,3,1
7.7e+17,2016,3,3
7.07e+17,2016,3,3
7.8e+17,2016,3,3
7.12e+17,2016,2,2
7.08e+17,2016,2,2
7.2e+17,2016,2,1
7.76e+17,2016,2,2
7.36e+17,2016,3,3
6.99e+17,2016,2,2
6.9e+17,2016,3,3
7.82e+17,2016,2,1
7.32e+17,2016,3,3
6.93e+17,2016,1,1
7.43e+17,2016,3,3
8.12e+17,2016,3,3
7.76e+17,2016,3,3
7.17e+17,2016,2,1
7.69e+17,2016,1,1
6.84e+17,2016,1,1
7.9e+17,2016,1,1
7.11e+17,2016,1,1
7.08e+17,2016,3,3
6.84e+17,2016,1,1
7.83e+17,2016,1,1
7.43e+17,2016,2,2
7.64e+17,2016,1,1
8.1e+17,2016,2,2
7.75e+17,2016,2,2
7.51e+17,2016,1,1
7.77e+17,2016,3,3
8.05e+17,2016,3,3
7.78e+17,2016,2,1
7.83e+17,2016,3,3
7.21e+17,2016,2,2
7.56e+17,2016,3,3
7.24e+17,2016,3,3
7.58e+17,2016,3,3
8.04e+17,2016,3,3
7.79e+17,2016,2,1
7.03e+17,2016,3,3
6.91e+17,2016,3,3
7.05e+17,2016,1,1
7.23e+17,2016,1,1
7.51e+17,2016,3,3
7.84e+17,2016,1,3
7.31e+17,2016,1,1
7.31e+17,2016,3,3
7.48e+17,2016,2,2
6.91e+17,2016,1,1
7.43e+17,2016,1,1
7.43e+17,2016,1,3
7.1e+17,2016,1,1
7.58e+17,2016,3,3
7.11e+17,2016,3,3
7.54e+17,2016,3,3
6.94e+17,2016,1,1
6.97e+17,2016,3,3
7.05e+17,2016,3,3
7.21e+17,2016,1,1
7.44e+17,2016,1,1
7.66e+17,2016,1,1
6.89e+17,2016,1,1
7.68e+17,2016,1,1
7.43e+17,2016,1,1
6.83e+17,2016,3,3
7.81e+17,2016,3,3
6.91e+17,2016,3,3
6.83e+17,2016,3,3
7.03e+17,2016,1,2
7.81e+17,2016,3,3
6.85e+17,2016,3,3
7.4e+17,2016,3,3
6.86e+17,2016,3,3
7.38e+17,2016,1,1
7.46e+17,2016,3,3
7.67e+17,2016,3,3
8.02e+17,2016,3,3
6.88e+17,2016,1,1
7.71e+17,2016,1,1
7.16e+17,2016,3,3
7.93e+17,2016,1,1
7.45e+17,2016,1,1
7.94e+17,2016,3,3
7.03e+17,2016,3,3
7.56e+17,2016,1,1
7.76e+17,2016,1,1
7.13e+17,2016,3,3
7.22e+17,2016,3,3
6.93e+17,2016,1,1
6.87e+17,2016,3,3
6.95e+17,2016,3,3
7.65e+17,2016,3,3
7.79e+17,2016,1,1
7.24e+17,2016,3,3
7.19e+17,2016,2,2
6.97e+17,2016,1,1
7.41e+17,2016,3,3
7.35e+17,2016,1,1
7.27e+17,2016,1,3
7.67e+17,2016,1,1
7.57e+17,2016,1,1
7.81e+17,2016,1,1
7.16e+17,2016,1,1
7.36e+17,2016,1,2
7.11e+17,2016,1,1
7.02e+17,2016,1,1
7.02e+17,2016,1,1
7.96e+17,2016,3,3
7.63e+17,2016,3,3
6.87e+17,2016,3,1
7.46e+17,2016,1,1
6.91e+17,2016,3,3
7.08e+17,2016,2,2
8.06e+17,2016,1,1
7.84e+17,2016,1,1
7.74e+17,2016,1,3
7.64e+17,2016,1,1
7.61e+17,2016,2,2
7.66e+17,2016,1,1
7.81e+17,2016,1,1
6.84e+17,2016,1,1
7.66e+17,2016,3,3
7e+17,2016,1,1
7.43e+17,2016,3,3
7.78e+17,2016,3,3
7.91e+17,2016,3,3
7.87e+17,2016,1,1
6.87e+17,2016,1,1
7e+17,2016,3,1
7.3e+17,2016,3,1
7.72e+17,2016,3,3
6.87e+17,2016,1,1
7.54e+17,2016,3,3
7.4e+17,2016,3,3
7.84e+17,2016,2,2
7.37e+17,2016,3,3
7.61e+17,2016,3,3
6.92e+17,2016,3,3
7.79e+17,2016,3,3
7.54e+17,2016,3,3
6.87e+17,2016,1,1
7.26e+17,2016,2,2
7.26e+17,2016,1,2
6.98e+17,2016,1,1
8.1e+17,2016,1,1
6.92e+17,2016,1,1
7.28e+17,2016,3,3
7.22e+17,2016,3,3
7.86e+17,2016,1,1
7.77e+17,2016,3,3
6.93e+17,2016,3,3
8.06e+17,2016,3,3
7.59e+17,2016,3,3
7.71e+17,2016,1,1
7.09e+17,2016,3,3
7.79e+17,2016,3,3
7.46e+17,2016,1,1
7.02e+17,2016,1,1
8.04e+17,2016,1,3
7e+17,2016,1,1
7.48e+17,2016,1,1
7.26e+17,2016,3,3
8.11e+17,2016,1,1
7.46e+17,2016,3,3
7.77e+17,2016,1,3
8.07e+17,2016,2,2
7.42e+17,2016,1,1
7.44e+17,2016,3,3
7.88e+17,2016,3,3
8.01e+17,2016,1,1
7.2e+17,2016,1,1
7.69e+17,2016,3,3
7.2e+17,2016,2,2
7.02e+17,2016,1,1
7.86e+17,2016,1,1
7.41e+17,2016,1,1
7.08e+17,2016,1,2
7.23e+17,2016,1,1
7.41e+17,2016,3,3
7.66e+17,2016,3,3
7.62e+17,2016,3,3
7.03e+17,2016,3,3
7.67e+17,2016,3,3
6.87e+17,2016,2,2
7.4e+17,2016,3,3
7.25e+17,2016,2,3
7.18e+17,2016,1,1
7.71e+17,2016,2,2
7.18e+17,2016,1,1
7.28e+17,2016,2,2
7.74e+17,2016,1,1
7.94e+17,2016,3,3
7.1e+17,2016,1,1
7.89e+17,2016,1,1
7.59e+17,2016,1,1
8.07e+17,2016,3,3
7.28e+17,2016,1,1
7.74e+17,2016,3,3
7.74e+17,2016,1,1
7.17e+17,2016,3,1
7.83e+17,2016,1,1
7.61e+17,2016,3,3
7.03e+17,2016,1,1
7.71e+17,2016,3,3
7.07e+17,2016,3,3
7.53e+17,2016,1,1
6.87e+17,2016,1,1
7.61e+17,2016,3,3
7.7e+17,2016,3,3
7.4e+17,2016,1,1
7.71e+17,2016,3,3
7.96e+17,2016,3,3
7.76e+17,2016,3,1
7e+17,2016,1,1
7.67e+17,2016,3,1
7.81e+17,2016,3,3
8.04e+17,2016,3,3
7.79e+17,2016,1,2
6.85e+17,2016,3,2
7.31e+17,2016,1,2
7.73e+17,2016,1,1
7.74e+17,2016,2,2
7.63e+17,2016,1,1
7.55e+17,2016,3,3
7.43e+17,2016,3,3
8.01e+17,2016,3,3
7.14e+17,2016,3,3
7.33e+17,2016,3,3
6.97e+17,2016,1,1
7.48e+17,2016,3,3
6.84e+17,2016,1,1
7e+17,2016,2,2
7.3e+17,2016,2,2
6.98e+17,2016,2,2
7.12e+17,2016,3,3
7.08e+17,2016,3,3
7.81e+17,2016,1,3
7.96e+17,2016,3,3
6.98e+17,2016,3,3
6.93e+17,2016,1,1
7.36e+17,2016,3,3
7.92e+17,2016,3,1
7.78e+17,2016,1,3
7.66e+17,2016,3,3
7.39e+17,2016,3,3
8.06e+17,2016,2,2
7.44e+17,2016,3,3
8.1e+17,2016,2,2
7.3e+17,2016,1,1
7.45e+17,2016,3,3
7.76e+17,2016,3,3
7.82e+17,2016,3,3
7.51e+17,2016,3,3
7.26e+17,2016,1,1
7.74e+17,2016,3,3
7.06e+17,2016,3,3
7.45e+17,2016,3,3
8.05e+17,2016,2,2
7.95e+17,2016,3,3
7.89e+17,2016,3,3
7.5e+17,2016,3,3
7e+17,2016,3,1
7.16e+17,2016,3,3
7.97e+17,2016,3,3
7.64e+17,2016,2,1
7.76e+17,2016,3,3
6.95e+17,2016,1,1
7.38e+17,2016,2,2
7.73e+17,2016,1,1
7.77e+17,2016,2,2
8.11e+17,2016,1,2
7.12e+17,2016,1,1
7.74e+17,2016,1,3
7.41e+17,2016,3,3
7.74e+17,2016,1,1
8.07e+17,2016,3,3
7.92e+17,2016,3,1
6.98e+17,2016,3,3
7.03e+17,2016,3,3
7.45e+17,2016,2,2
7.94e+17,2016,3,3
7.46e+17,2016,3,1
7.36e+17,2016,2,1
7.56e+17,2016,3,3
7.96e+17,2016,3,3
8.04e+17,2016,1,1
7.4e+17,2016,1,1
7.02e+17,2016,3,1
6.98e+17,2016,1,1
6.87e+17,2016,3,3
6.97e+17,2016,3,3
7.98e+17,2016,3,3
7.76e+17,2016,3,3
7.34e+17,2016,3,3
7.77e+17,2016,3,3
7.81e+17,2016,1,3
7.89e+17,2016,1,3
7.25e+17,2016,1,2
7.87e+17,2016,3,3
7.23e+17,2016,2,2
7.26e+17,2016,3,3
7.65e+17,2016,3,3
7.07e+17,2016,3,3
7.84e+17,2016,1,1
7.85e+17,2016,1,1
7.06e+17,2016,2,2
7.92e+17,2016,1,1
7.1e+17,2016,1,1
7.94e+17,2016,3,3
7.61e+17,2016,3,3
7.58e+17,2016,1,1
7.69e+17,2016,1,1
7.18e+17,2016,1,1
7.48e+17,2016,1,1
7.27e+17,2016,3,1
7.63e+17,2016,3,3
7.15e+17,2016,3,1
7.2e+17,2016,2,2
7.39e+17,2016,3,3
7.83e+17,2016,3,3
7.82e+17,2016,3,1
7.36e+17,2016,3,1
7.95e+17,2016,3,3
7.04e+17,2016,1,1
7.82e+17,2016,3,3
7.04e+17,2016,3,3
7.11e+17,2016,3,3
7.1e+17,2016,3,3
9.84e+17,2018,3,3
1.06e+18,2018,2,2
1.01e+18,2018,1,1
9.52e+17,2018,3,3
1.05e+18,2018,1,3
9.99e+17,2018,3,3
1.04e+18,2018,2,2
9.57e+17,2018,1,1
9.74e+17,2018,1,1
9.77e+17,2018,1,1
1.07e+18,2018,1,1
1.05e+18,2018,2,2
9.92e+17,2018,1,3
9.86e+17,2018,3,3
1.05e+18,2018,2,2
1.04e+18,2018,3,3
1.07e+18,2018,1,1
1.06e+18,2018,1,2
1.07e+18,2018,1,1
1e+18,2018,2,1
1.01e+18,2018,1,1
9.71e+17,2018,1,3
9.95e+17,2018,1,1
9.96e+17,2018,1,1
9.74e+17,2018,2,2
9.54e+17,2018,1,1
1e+18,2018,1,1
9.73e+17,2018,1,1
1.04e+18,2018,3,3
1.01e+18,2018,2,2
9.9e+17,2018,1,1
9.58e+17,2018,1,1
1.02e+18,2018,1,1
1e+18,2018,2,2
1.04e+18,2018,3,3
1.07e+18,2018,3,3
1.05e+18,2018,3,3
1.02e+18,2018,3,3
9.97e+17,2018,2,2
1.04e+18,2018,3,3
9.87e+17,2018,1,1
9.97e+17,2018,1,1
1.01e+18,2018,1,1
9.86e+17,2018,3,3
9.9e+17,2018,3,3
9.59e+17,2018,3,3
1.05e+18,2018,3,3
1.06e+18,2018,3,3
9.9e+17,2018,3,3
1.05e+18,2018,1,2
9.8e+17,2018,2,2
9.74e+17,2018,3,3
9.5e+17,2018,1,1
9.58e+17,2018,1,1
9.86e+17,2018,3,3
1.08e+18,2018,1,1
1.08e+18,2018,2,2
1.02e+18,2018,1,1
1.06e+18,2018,1,1
9.87e+17,2018,2,2
1.04e+18,2018,2,2
1.01e+18,2018,3,3
1.02e+18,2018,2,2
9.6e+17,2018,1,2
9.92e+17,2018,1,3
1.08e+18,2018,3,2
1.02e+18,2018,2,2
9.89e+17,2018,3,3
1.06e+18,2018,1,1
1.05e+18,2018,2,2
1.03e+18,2018,3,3
9.63e+17,2018,1,1
1.02e+18,2018,3,3
1.06e+18,2018,3,3
1.04e+18,2018,3,3
1.05e+18,2018,3,3
1.07e+18,2018,1,1
1e+18,2018,3,3
1.03e+18,2018,2,2
1e+18,2018,1,2
1.01e+18,2018,3,3
1.03e+18,2018,3,3
1.04e+18,2018,3,3
1.08e+18,2018,3,3
9.88e+17,2018,3,3
1.02e+18,2018,1,1
1.01e+18,2018,1,1
1.03e+18,2018,3,3
9.53e+17,2018,1,1
9.76e+17,2018,1,1
1.06e+18,2018,1,1
9.69e+17,2018,1,1
9.81e+17,2018,2,2
1.01e+18,2018,2,2
1.03e+18,2018,3,3
1.04e+18,2018,3,3
9.86e+17,2018,1,1
1.08e+18,2018,2,2
9.71e+17,2018,2,2
9.71e+17,2018,1,1
9.51e+17,2018,2,2
1.02e+18,2018,3,3
1.07e+18,2018,3,1
9.55e+17,2018,3,3
1.07e+18,2018,3,3
1e+18,2018,3,3
1.02e+18,2018,1,1
1.04e+18,2018,1,1
1.05e+18,2018,1,1
1.06e+18,2018,1,1
1.02e+18,2018,2,3
9.77e+17,2018,1,1
1e+18,2018,1,1
1.01e+18,2018,2,2
1.05e+18,2018,1,1
9.69e+17,2018,1,1
1.07e+18,2018,1,1
9.66e+17,2018,1,1
9.67e+17,2018,1,1
1.04e+18,2018,1,1
1.05e+18,2018,1,1
9.91e+17,2018,1,1
1.06e+18,2018,1,1
1.04e+18,2018,2,2
1.03e+18,2018,3,3
1.06e+18,2018,3,1
9.74e+17,2018,1,1
1.08e+18,2018,1,1
9.7e+17,2018,1,1
1.05e+18,2018,2,2
9.77e+17,2018,3,3
9.75e+17,2018,2,2
9.59e+17,2018,1,1
9.49e+17,2018,1,1
9.86e+17,2018,1,1
1.05e+18,2018,3,3
9.95e+17,2018,1,2
1.02e+18,2018,1,1
1.04e+18,2018,1,1
9.83e+17,2018,3,3
1.05e+18,2018,1,1
1.02e+18,2018,2,1
9.85e+17,2018,3,3
1.02e+18,2018,2,2
1.06e+18,2018,3,3
1.07e+18,2018,3,3
1.06e+18,2018,1,1
1.06e+18,2018,3,3
9.86e+17,2018,3,3
1.04e+18,2018,3,3
9.64e+17,2018,1,1
9.72e+17,2018,1,1
1.05e+18,2018,1,1
9.84e+17,2018,3,3
1e+18,2018,3,3
9.91e+17,2018,3,3
1.05e+18,2018,1,1
1.07e+18,2018,1,1
1.02e+18,2018,1,1
1.07e+18,2018,3,3
9.84e+17,2018,3,3
1.04e+18,2018,3,3
9.59e+17,2018,2,2
9.59e+17,2018,1,1
9.62e+17,2018,3,3
1.07e+18,2018,2,2
1.01e+18,2018,2,2
1.03e+18,2018,3,3
1.07e+18,2018,3,3
1.03e+18,2018,1,2
1e+18,2018,3,3
1.02e+18,2018,3,3
1.05e+18,2018,3,3
1.03e+18,2018,3,3
1.06e+18,2018,3,3
1.05e+18,2018,3,3
1.03e+18,2018,3,3
1.03e+18,2018,3,3
1.03e+18,2018,3,3
1.02e+18,2018,3,3
1.05e+18,2018,3,1
1.03e+18,2018,1,1
1.06e+18,2018,3,1
9.5e+17,2018,2,2
9.58e+17,2018,1,1
9.48e+17,2018,3,3
9.54e+17,2018,3,3
9.72e+17,2018,2,2
1.02e+18,2018,1,1
1.03e+18,2018,2,2
9.68e+17,2018,2,2
1.02e+18,2018,2,2
9.92e+17,2018,3,3
1.04e+18,2018,2,2
9.61e+17,2018,3,3
1.04e+18,2018,3,3
1.02e+18,2018,2,2
1.06e+18,2018,3,3
9.89e+17,2018,3,3
1.07e+18,2018,1,1
9.62e+17,2018,2,2
9.52e+17,2018,1,1
1.06e+18,2018,3,3
9.81e+17,2018,3,3
1.03e+18,2018,2,2
1.07e+18,2018,2,2
9.72e+17,2018,2,2
1.03e+18,2018,1,1
1.03e+18,2018,1,1
1.04e+18,2018,3,3
1.03e+18,2018,3,3
1.05e+18,2018,3,3
9.58e+17,2018,3,3
1.01e+18,2018,1,3
9.55e+17,2018,1,1
9.97e+17,2018,1,1
1.04e+18,2018,2,2
9.54e+17,2018,2,2
1.02e+18,2018,3,3
9.94e+17,2018,2,2
1.01e+18,2018,3,3
1.03e+18,2018,1,3
1.02e+18,2018,1,1
1.06e+18,2018,1,1
1.07e+18,2018,3,3
1.05e+18,2018,2,2
1e+18,2018,3,3
1.05e+18,2018,2,2
9.51e+17,2018,1,3
9.88e+17,2018,3,3
9.78e+17,2018,1,1
9.89e+17,2018,2,2
9.94e+17,2018,3,3
1.04e+18,2018,3,3
1e+18,2018,3,3
1e+18,2018,3,3
1.06e+18,2018,3,2
9.59e+17,2018,3,3
9.86e+17,2018,1,2
1.04e+18,2018,1,2
1.06e+18,2018,3,3
1e+18,2018,1,1
1.02e+18,2018,1,1
1.03e+18,2018,3,3
1e+18,2018,3,3
1.01e+18,2018,3,3
1.04e+18,2018,1,1
9.68e+17,2018,3,3
9.73e+17,2018,1,1
1.05e+18,2018,1,1
1.06e+18,2018,1,1
1.05e+18,2018,3,3
1.02e+18,2018,1,1
1.05e+18,2018,3,3
1.05e+18,2018,1,1
1.02e+18,2018,3,1
9.52e+17,2018,3,3
9.64e+17,2018,1,1
1.02e+18,2018,1,1
1.03e+18,2018,3,3
1.02e+18,2018,3,3
1.06e+18,2018,3,3
1.06e+18,2018,3,3
9.69e+17,2018,3,3
1.02e+18,2018,3,3
1.02e+18,2018,1,1
9.51e+17,2018,3,3
9.86e+17,2018,3,3
9.58e+17,2018,1,1
1.03e+18,2018,2,2
9.97e+17,2018,3,3
9.86e+17,2018,2,2
1e+18,2018,3,3
1.04e+18,2018,1,3
1.05e+18,2018,3,1
1.02e+18,2018,1,1
1.06e+18,2018,3,3
1.04e+18,2018,3,3
1.04e+18,2018,3,3
1.04e+18,2018,3,1
1.03e+18,2018,1,1
9.49e+17,2018,3,3
1.01e+18,2018,3,3
1.04e+18,2018,1,1
1.06e+18,2018,1,1
9.94e+17,2018,1,1
1.07e+18,2018,1,1
1.04e+18,2018,1,3
9.66e+17,2018,1,1
9.5e+17,2018,3,3
9.72e+17,2018,3,3
1.02e+18,2018,1,2
1.07e+18,2018,3,3
1.01e+18,2018,3,3
1.03e+18,2018,1,2
9.92e+17,2018,3,3
1e+18,2018,3,3
9.9e+17,2018,2,2
1.04e+18,2018,1,1
1.02e+18,2018,3,2
1.01e+18,2018,3,3
1.01e+18,2018,2,2
1.07e+18,2018,3,3
9.91e+17,2018,3,3
1.05e+18,2018,3,3
9.59e+17,2018,3,3
1.03e+18,2018,3,3
9.74e+17,2018,2,2
1.04e+18,2018,3,3
9.81e+17,2018,3,3
9.64e+17,2018,3,3
1.02e+18,2018,3,3
9.54e+17,2018,1,1
9.9e+17,2018,3,3
1.05e+18,2018,3,3
1.02e+18,2018,1,1
1.06e+18,2018,1,1
1.02e+18,2018,1,1
1.04e+18,2018,3,3
1.03e+18,2018,3,3
9.84e+17,2018,3,3
1.05e+18,2018,3,3
9.71e+17,2018,1,1
1.03e+18,2018,1,1
1.07e+18,2018,1,1
1.07e+18,2018,1,1
1.06e+18,2018,3,3
1.05e+18,2018,1,1
1.06e+18,2018,3,3
1.06e+18,2018,1,1
1.02e+18,2018,3,3
9.55e+17,2018,1,1
1.05e+18,2018,1,1
1.05e+18,2018,1,1
1.04e+18,2018,3,3
1.05e+18,2018,3,3
9.85e+17,2018,3,3
1.04e+18,2018,1,1
1.04e+18,2018,2,2
1.04e+18,2018,2,2
1.03e+18,2018,3,3
1.04e+18,2018,3,3
1.04e+18,2018,3,3
1.08e+18,2018,1,1
1.04e+18,2018,1,1
1.07e+18,2018,2,2
1.03e+18,2018,1,1
1.01e+18,2018,1,1
1.05e+18,2018,3,3
1.04e+18,2018,3,3
1e+18,2018,3,3
9.49e+17,2018,3,3
1.02e+18,2018,3,3
9.84e+17,2018,3,3
1.02e+18,2018,2,2
9.5e+17,2018,3,3
1.01e+18,2018,3,3
1.04e+18,2018,1,1
1.05e+18,2018,1,1
1.03e+18,2018,1,1
9.67e+17,2018,2,2
1.04e+18,2018,3,3
1.07e+18,2018,3,3
1.07e+18,2018,3,3
9.76e+17,2018,3,3
9.64e+17,2018,1,1
9.94e+17,2018,1,1
9.72e+17,2018,3,3
9.71e+17,2018,2,1
1.06e+18,2018,1,1
1.07e+18,2018,1,1
9.86e+17,2018,1,1
1.03e+18,2018,1,1
1.02e+18,2018,1,1
9.57e+17,2018,1,1
9.91e+17,2018,3,3
1e+18,2018,3,3
1.01e+18,2018,1,1
9.89e+17,2018,1,1
1.05e+18,2018,3,3
1.05e+18,2018,3,3
9.86e+17,2018,3,3
1.07e+18,2018,3,3
9.54e+17,2018,2,1
1.01e+18,2018,2,2
1.07e+18,2018,3,3
1.05e+18,2018,1,1
9.79e+17,2018,2,2
9.5e+17,2018,1,1
9.93e+17,2018,3,3
9.82e+17,2018,1,1
9.52e+17,2018,2,2
9.92e+17,2018,3,3
1.06e+18,2018,1,3
1.03e+18,2018,1,1
9.56e+17,2018,2,2
1.06e+18,2018,3,3
1.06e+18,2018,3,3
1.04e+18,2018,1,1
1.06e+18,2018,3,3
1.07e+18,2018,3,3
1.04e+18,2018,3,3
9.92e+17,2018,3,3
1.04e+18,2018,3,3
9.93e+17,2018,3,3
1.05e+18,2018,3,3
1e+18,2018,1,1
9.49e+17,2018,1,1
1.02e+18,2018,2,2
9.63e+17,2018,3,3
9.71e+17,2018,1,1
9.51e+17,2018,3,3
1.03e+18,2018,3,3
1.05e+18,2018,2,2
9.89e+17,2018,2,2
1.06e+18,2018,3,3
9.99e+17,2018,3,3
1.06e+18,2018,3,3
9.67e+17,2018,3,3
9.64e+17,2018,3,3
1.07e+18,2018,3,3
1.01e+18,2018,3,1
1.06e+18,2018,3,3
1.06e+18,2018,3,3
1.07e+18,2018,3,3
1.02e+18,2018,1,1
9.79e+17,2018,3,3
9.84e+17,2018,3,3
1.02e+18,2018,1,1
1.01e+18,2018,1,1
9.9e+17,2018,2,3
1.02e+18,2018,2,2
9.59e+17,2018,1,2
1.01e+18,2018,1,1
9.65e+17,2018,3,3
1.02e+18,2018,3,3
9.65e+17,2018,2,2
9.74e+17,2018,1,1
9.78e+17,2018,3,3
9.63e+17,2018,3,3
9.85e+17,2018,1,1
9.59e+17,2018,1,1
1.02e+18,2018,3,3
9.73e+17,2018,3,3
1.06e+18,2018,3,3
9.84e+17,2018,1,1
1.04e+18,2018,3,3
9.6e+17,2018,3,3
1.03e+18,2018,3,3
1.03e+18,2018,3,3
9.8e+17,2018,3,3
1.04e+18,2018,1,1
9.82e+17,2018,3,3
1.06e+18,2018,3,3
1.05e+18,2018,3,3
1.01e+18,2018,3,3
1.04e+18,2018,1,1
9.9e+17,2018,3,3
9.85e+17,2018,1,1
1.04e+18,2018,1,1
1.06e+18,2018,1,1
9.58e+17,2018,2,2
9.96e+17,2018,1,1
1.04e+18,2018,3,3
1.05e+18,2018,3,3
9.95e+17,2018,3,3
1.05e+18,2018,3,3
1.07e+18,2018,3,3
3.32e+17,2013,3,3
2.97e+17,2013,1,1
3.72e+17,2013,1,1
3.71e+17,2013,3,3
3.58e+17,2013,3,3
3.96e+17,2013,1,1
2.89e+17,2013,3,3
4.12e+17,2013,1,1
3.46e+17,2013,2,2
3.11e+17,2013,3,3
3e+17,2013,3,3
3.31e+17,2013,1,1
3.83e+17,2013,1,3
3.5e+17,2013,1,2
3.44e+17,2013,3,3
3.77e+17,2013,3,3
3.56e+17,2013,3,3
3.11e+17,2013,3,3
3.99e+17,2013,3,3
4.01e+17,2013,3,3
4.04e+17,2013,3,3
3.8e+17,2013,1,1
3.12e+17,2013,2,2
2.95e+17,2013,2,2
2.99e+17,2013,2,2
3.14e+17,2013,1,1
3.56e+17,2013,1,1
3.6e+17,2013,3,3
3.26e+17,2013,3,3
2.98e+17,2013,3,3
2.99e+17,2013,2,2
3.07e+17,2013,1,1
3.87e+17,2013,1,2
2.99e+17,2013,2,2
3.27e+17,2013,1,1
4.04e+17,2013,2,2
3.96e+17,2013,1,1
3.78e+17,2013,2,2
4.08e+17,2013,3,3
3.1e+17,2013,2,2
3.35e+17,2013,1,1
3.78e+17,2013,1,1
4.03e+17,2013,2,2
3.32e+17,2013,3,3
3.96e+17,2013,3,3
3.55e+17,2013,3,3
3.3e+17,2013,3,3
2.93e+17,2013,3,3
3.79e+17,2013,3,3
4.06e+17,2013,3,3
3.93e+17,2013,1,1
3.81e+17,2013,3,3
3.51e+17,2013,1,1
3.15e+17,2013,1,1
3.72e+17,2013,3,3
3.27e+17,2013,1,1
3.63e+17,2013,2,2
4.02e+17,2013,3,3
4.08e+17,2013,1,1
3.22e+17,2013,2,2
3.42e+17,2013,2,2
2.94e+17,2013,2,1
4e+17,2013,3,3
3.47e+17,2013,2,2
3.99e+17,2013,2,2
3.32e+17,2013,1,1
4.09e+17,2013,3,3
3.45e+17,2013,1,3
2.97e+17,2013,3,3
3.1e+17,2013,3,3
2.99e+17,2013,3,3
2.94e+17,2013,3,3
3.74e+17,2013,1,1
3.14e+17,2013,3,3
3.1e+17,2013,1,3
3.32e+17,2013,1,1
3.96e+17,2013,1,3
3.26e+17,2013,1,1
3.85e+17,2013,1,1
3.65e+17,2013,1,1
3.63e+17,2013,1,3
4.13e+17,2013,2,2
4.01e+17,2013,3,3
3.37e+17,2013,3,3
3.02e+17,2013,3,3
3.24e+17,2013,2,2
3.12e+17,2013,3,1
3.6e+17,2013,2,2
2.97e+17,2013,2,2
4.1e+17,2013,1,1
2.91e+17,2013,1,1
3.45e+17,2013,3,3
3.28e+17,2013,3,3
3.16e+17,2013,1,1
4.03e+17,2013,1,3
3.34e+17,2013,3,2
4.01e+17,2013,1,1
3e+17,2013,1,3
3.55e+17,2013,3,3
4.08e+17,2013,3,2
3.72e+17,2013,1,3
3.52e+17,2013,2,2
3.48e+17,2013,3,3
3.47e+17,2013,3,3
3.15e+17,2013,2,2
3.31e+17,2013,3,3
3.11e+17,2013,3,3
3.06e+17,2013,1,1
3.75e+17,2013,1,1
4.04e+17,2013,3,3
3.34e+17,2013,1,1
2.97e+17,2013,3,2
3.43e+17,2013,3,3
3.13e+17,2013,3,3
3.12e+17,2013,3,3
3.27e+17,2013,2,2
3.24e+17,2013,3,3
4.15e+17,2013,3,3
4.09e+17,2013,3,1
3.36e+17,2013,3,3
3.91e+17,2013,1,2
4.01e+17,2013,1,1
2.94e+17,2013,1,1
3.25e+17,2013,3,3
3.48e+17,2013,1,3
3.48e+17,2013,3,3
3.37e+17,2013,2,2
3.68e+17,2013,1,2
2.94e+17,2013,3,3
3.84e+17,2013,1,1
3.43e+17,2013,3,3
4.08e+17,2013,1,1
3.07e+17,2013,1,1
3.52e+17,2013,3,3
4.13e+17,2013,1,1
3.48e+17,2013,3,3
3e+17,2013,1,1
3.44e+17,2013,3,3
3.5e+17,2013,1,1
3.37e+17,2013,1,1
3.43e+17,2013,1,1
3.22e+17,2013,3,3
3.79e+17,2013,1,1
3.9e+17,2013,2,2
3.42e+17,2013,1,2
3.5e+17,2013,1,1
2.97e+17,2013,2,2
3.88e+17,2013,3,3
3.9e+17,2013,1,3
3.9e+17,2013,1,3
3.86e+17,2013,1,1
3.79e+17,2013,2,2
3.56e+17,2013,1,1
3.49e+17,2013,2,2
4.13e+17,2013,3,3
3.43e+17,2013,2,2
3.35e+17,2013,1,1
3.93e+17,2013,1,1
3.43e+17,2013,1,1
4.12e+17,2013,3,1
3.39e+17,2013,3,1
3.1e+17,2013,1,1
3.57e+17,2013,1,1
3.21e+17,2013,3,3
3.38e+17,2013,2,2
3.91e+17,2013,3,3
3.62e+17,2013,3,3
3.11e+17,2013,3,3
3.16e+17,2013,2,2
2.87e+17,2013,3,3
3.93e+17,2013,1,1
3.71e+17,2013,1,1
3.55e+17,2013,1,2
3.73e+17,2013,2,2
2.9e+17,2013,1,3
3.47e+17,2013,2,2
4.13e+17,2013,1,1
1.66e+17,2012,3,3
1.66e+17,2012,3,3
2.65e+17,2012,3,3
2.81e+17,2012,3,3
2.43e+17,2012,1,1
1.56e+17,2012,3,3
2.23e+17,2012,3,3
1.92e+17,2012,1,2
2.86e+17,2012,1,1
2.15e+17,2012,1,1
2.17e+17,2012,3,3
2.46e+17,2012,3,3
1.84e+17,2012,1,1
2.7e+17,2012,1,1
1.83e+17,2012,1,1
2.33e+17,2012,3,3
2.39e+17,2012,3,3
2.04e+17,2012,3,3
1.85e+17,2012,1,1
1.85e+17,2012,2,2
2.14e+17,2012,3,3
2.38e+17,2012,1,1
1.84e+17,2012,1,1
2.72e+17,2012,3,3
1.58e+17,2012,3,3
1.57e+17,2012,1,1
2.65e+17,2012,1,1
2.31e+17,2012,3,3
2.71e+17,2012,1,1
2.13e+17,2012,3,3
2.28e+17,2012,3,3
2.25e+17,2012,1,1
2.79e+17,2012,1,1
2.31e+17,2012,2,2
1.62e+17,2012,1,1
2.01e+17,2012,3,3
1.7e+17,2012,3,1
1.77e+17,2012,2,2
1.6e+17,2012,3,3
1.7e+17,2012,1,2
1.67e+17,2012,3,3
2.29e+17,2012,3,3
2.09e+17,2012,3,3
2.73e+17,2012,1,1
2.63e+17,2012,3,3
2e+17,2012,2,2
1.75e+17,2012,2,2
2.31e+17,2012,2,2
2.15e+17,2012,1,1
1.98e+17,2012,2,2
1.77e+17,2012,3,3
2.73e+17,2012,1,1
2.35e+17,2012,3,3
2.77e+17,2012,1,1
2.74e+17,2012,2,1
2.49e+17,2012,3,3
2.13e+17,2012,1,1
2.18e+17,2012,3,3
2.27e+17,2012,3,3
2.14e+17,2012,1,1
2.29e+17,2012,3,1
2.63e+17,2012,1,1
2.77e+17,2012,3,3
1.95e+17,2012,3,3
1.81e+17,2012,1,1
1.85e+17,2012,1,1
2.84e+17,2012,3,3
1.85e+17,2012,3,3
2.37e+17,2012,1,1
2.68e+17,2012,3,1
2.04e+17,2012,2,2
1.65e+17,2012,1,2
2e+17,2012,3,3
1.62e+17,2012,3,3
2.29e+17,2012,3,3
2.64e+17,2012,3,3
2.63e+17,2012,3,3
2.66e+17,2012,1,1
1.76e+17,2012,2,2
1.9e+17,2012,3,3
2.71e+17,2012,3,3
2.41e+17,2012,3,3
2.74e+17,2012,2,2
1.64e+17,2012,2,2
2.65e+17,2012,3,3
2.18e+17,2012,3,1
1.8e+17,2012,1,1
1.6e+17,2012,1,1
2.17e+17,2012,1,1
2.59e+17,2012,1,1
2.38e+17,2012,3,3
2.63e+17,2012,3,1
1.63e+17,2012,3,3
1.78e+17,2012,3,3
1.55e+17,2012,3,3
2.28e+17,2012,3,3
1.81e+17,2012,2,2
2.66e+17,2012,3,3
2.51e+17,2012,3,3
1.83e+17,2012,2,1
2.43e+17,2012,3,3
2.39e+17,2012,3,3
1.78e+17,2012,1,1
2.38e+17,2012,3,3
2.65e+17,2012,3,3
2.44e+17,2012,3,3
2.64e+17,2012,2,2
2.57e+17,2012,3,3
2.48e+17,2012,2,2
2.36e+17,2012,3,3
2.55e+17,2012,3,3
1.86e+17,2012,3,3
2.44e+17,2012,3,3
1.89e+17,2012,1,1
2.46e+17,2012,2,2
1.63e+17,2012,1,2
2.76e+17,2012,3,3
2.03e+17,2012,1,1
1.7e+17,2012,1,1
1.91e+17,2012,1,2
2.57e+17,2012,1,1
2.74e+17,2012,1,1
1.72e+17,2012,3,3
2.59e+17,2012,3,3
2.64e+17,2012,3,1
2.47e+17,2012,2,2
2.58e+17,2012,3,3
2.66e+17,2012,1,1
2.52e+17,2012,3,3
2.63e+17,2012,3,3
2.35e+17,2012,3,3
2.16e+17,2012,2,2
2.51e+17,2012,2,2
2.51e+17,2012,2,2
2.52e+17,2012,3,3
1.83e+17,2012,1,1
2.11e+17,2012,1,1
1.55e+17,2012,1,1
1.81e+17,2012,1,1
2.15e+17,2012,3,1
2.25e+17,2012,1,1
2.63e+17,2012,3,2
2.7e+17,2012,3,3
2.23e+17,2012,1,1
2.61e+17,2012,1,1
2.33e+17,2012,3,3
1.73e+17,2012,3,3
2.06e+17,2012,3,3
1.81e+17,2012,3,3
1.78e+17,2012,3,3
2.23e+17,2012,3,3
2.39e+17,2012,1,3
1.76e+17,2012,1,1
1.74e+17,2012,3,3
2.47e+17,2012,3,3
1.55e+17,2012,1,3
2.33e+17,2012,3,2
2.08e+17,2012,3,3
1.83e+17,2012,1,1
1.6e+17,2012,3,3
2.04e+17,2012,3,3
2.21e+17,2012,3,3
2e+17,2012,1,3
2.1e+17,2012,3,3
2.58e+17,2012,1,1
2.1e+17,2012,3,3
2.51e+17,2012,3,3
2.66e+17,2012,3,3
2.62e+17,2012,3,1
2.66e+17,2012,3,3
2.64e+17,2012,3,3
1.08e+18,2019,3,3
1.08e+18,2019,3,3
1.08e+18,2019,2,2
1.08e+18,2019,2,1
1.08e+18,2019,2,2
1.08e+18,2019,3,3
1.08e+18,2019,2,2
1.08e+18,2019,3,3
1.08e+18,2019,1,1
1.08e+18,2019,2,2
1.08e+18,2019,3,3
1.08e+18,2019,3,3
1.08e+18,2019,3,3
1.08e+18,2019,3,3
1.08e+18,2019,3,3
1.08e+18,2019,3,3
1.08e+18,2019,3,3
1.08e+18,2019,3,3
1.08e+18,2019,3,3
1.08e+18,2019,3,3
1.08e+18,2019,3,3
1.08e+18,2019,3,3
1.08e+18,2019,3,3
1.08e+18,2019,3,3
1.08e+18,2019,2,3
1.08e+18,2019,1,1
1.08e+18,2019,2,2
1.08e+18,2019,3,3
1.08e+18,2019,3,3
1.08e+18,2019,3,3
1.08e+18,2019,3,3
1.08e+18,2019,3,3
1.08e+18,2019,3,3
1.08e+18,2019,3,3
1.08e+18,2019,3,3
1.08e+18,2019,2,2
1.08e+18,2019,1,1
1.08e+18,2019,2,2
1.08e+18,2019,3,3
1.08e+18,2019,1,1
1.08e+18,2019,1,1
1.08e+18,2019,3,3
1.08e+18,2019,3,3
1.08e+18,2019,2,3
1.08e+18,2019,3,3
1.08e+18,2019,3,3
1.08e+18,2019,3,3
1.08e+18,2019,3,3
1.08e+18,2019,3,3
1.08e+18,2019,1,1
1.08e+18,2019,2,2
1.08e+18,2019,3,3
1.08e+18,2019,1,1
1.08e+18,2019,3,3
1.08e+18,2019,1,1
1.08e+18,2019,3,3
1.08e+18,2019,3,3
1.08e+18,2019,3,3
1.08e+18,2019,3,3
1.08e+18,2019,3,3
1.08e+18,2019,3,3
1.08e+18,2019,3,3
1.08e+18,2019,2,2
1.08e+18,2019,3,3
1.08e+18,2019,1,1
1.08e+18,2019,3,3
1.08e+18,2019,3,3
1.08e+18,2019,2,2
1.08e+18,2019,3,3
1.08e+18,2019,1,1
1.08e+18,2019,1,1
1.08e+18,2019,3,3
1.08e+18,2019,3,3
1.08e+18,2019,3,3
1.08e+18,2019,3,3
1.08e+18,2019,3,3
1.08e+18,2019,1,3
1.08e+18,2019,1,3
1.08e+18,2019,1,1
1.08e+18,2019,1,1
1.08e+18,2019,1,1
1.08e+18,2019,3,3
1.08e+18,2019,1,1
1.08e+18,2019,3,3
1.08e+18,2019,3,3
1.08e+18,2019,3,3
1.08e+18,2019,1,1
1.08e+18,2019,2,2
1.08e+18,2019,3,3
1.08e+18,2019,3,3
1.08e+18,2019,3,3
1.08e+18,2019,3,3
1.08e+18,2019,3,3
1.08e+18,2019,4,2
1.08e+18,2019,3,3
1.08e+18,2019,1,1
1.08e+18,2019,2,2
1.08e+18,2019,2,2
1.08e+18,2019,3,3
1.08e+18,2019,1,1
1.08e+18,2019,1,1
1.08e+18,2019,1,1
1.08e+18,2019,1,1
1.08e+18,2019,1,2
1.08e+18,2019,1,3
1.08e+18,2019,3,3
1.08e+18,2019,3,3
1.08e+18,2019,2,2
1.08e+18,2019,1,1
1.08e+18,2019,2,2
1.08e+18,2019,1,3
1.08e+18,2019,2,2
1.08e+18,2019,2,2
1.08e+18,2019,2,1
1.08e+18,2019,1,1
1.08e+18,2019,1,1
1.08e+18,2019,3,3
1.08e+18,2019,3,3
1.08e+18,2019,3,3
1.08e+18,2019,3,3
1.08e+18,2019,1,1
1.08e+18,2019,3,3
1.08e+18,2019,1,1
1.08e+18,2019,2,1
1.08e+18,2019,3,3
1.08e+18,2019,1,1
1.08e+18,2019,1,1
1.08e+18,2019,3,3
1.08e+18,2019,3,3
1.08e+18,2019,3,3
1.08e+18,2019,1,1
1.08e+18,2019,1,1
1.08e+18,2019,1,1
1.08e+18,2019,3,3
1.08e+18,2019,1,1
1.08e+18,2019,1,1
1.08e+18,2019,1,1
1.08e+18,2019,1,1
1.08e+18,2019,3,3
1.08e+18,2019,1,1
1.08e+18,2019,2,2
1.08e+18,2019,1,1
1.08e+18,2019,2,1
1.08e+18,2019,1,1
1.08e+18,2019,3,3
1.08e+18,2019,2,2
1.08e+18,2019,3,3
1.08e+18,2019,1,1
1.08e+18,2019,1,1
1.08e+18,2019,1,1
1.08e+18,2019,2,2
1.08e+18,2019,2,2
1.08e+18,2019,2,2
1.08e+18,2019,1,1
1.08e+18,2019,2,2
1.08e+18,2019,1,3
1.08e+18,2019,1,1
1.08e+18,2019,1,2
1.08e+18,2019,1,1
1.08e+18,2019,2,2
1.08e+18,2019,1,1
1.08e+18,2019,1,1
1.08e+18,2019,1,1
1.08e+18,2019,3,3
1.08e+18,2019,3,3
1.08e+18,2019,1,1
1.08e+18,2019,1,2
1.08e+18,2019,2,3
1.08e+18,2019,1,1
1.08e+18,2019,1,1
1.08e+18,2019,1,1
1.08e+18,2019,1,1
1.08e+18,2019,2,2
1.08e+18,2019,1,1
1.08e+18,2019,1,1
1.08e+18,2019,1,1
1.08e+18,2019,1,1
1.08e+18,2019,3,3
1.08e+18,2019,2,2
1.08e+18,2019,2,2
1.08e+18,2019,2,2
1.08e+18,2019,2,2
1.08e+18,2019,2,2
1.08e+18,2019,3,3
1.08e+18,2019,1,1
1.08e+18,2019,1,1
1.08e+18,2019,1,1
1.08e+18,2019,1,1
1.08e+18,2019,3,3
1.08e+18,2019,2,2
1.08e+18,2019,1,1
1.08e+18,2019,1,1
1.08e+18,2019,3,3
1.08e+18,2019,1,1
1.08e+18,2019,2,2
1.08e+18,2019,2,2
1.08e+18,2019,1,1
1.08e+18,2019,2,2
1.08e+18,2019,3,3
1.08e+18,2019,1,1
1.08e+18,2019,1,1
1.08e+18,2019,3,3
1.08e+18,2019,2,2
1.08e+18,2019,1,1
1.08e+18,2019,2,2
1.08e+18,2019,1,1
1.08e+18,2019,1,1
1.08e+18,2019,3,3
1.08e+18,2019,2,2
1.08e+18,2019,2,2
1.08e+18,2019,3,3
1.08e+18,2019,3,3
1.08e+18,2019,2,3
1.08e+18,2019,1,1
1.08e+18,2019,2,2
1.08e+18,2019,2,2
1.08e+18,2019,1,1
1.08e+18,2019,3,3
1.08e+18,2019,1,1
1.08e+18,2019,2,2
1.08e+18,2019,2,2
1.08e+18,2019,1,1
1.08e+18,2019,1,1
1.08e+18,2019,3,3
1.08e+18,2019,2,2
1.08e+18,2019,2,2
1.08e+18,2019,1,1
1.08e+18,2019,2,2
1.08e+18,2019,3,3
1.08e+18,2019,1,1
1.08e+18,2019,1,1
1.08e+18,2019,1,1
1.08e+18,2019,1,1
1.08e+18,2019,1,1
1.08e+18,2019,1,1
1.08e+18,2019,1,1
1.08e+18,2019,2,2
1.08e+18,2019,1,1
1.08e+18,2019,2,2
1.08e+18,2019,1,1
1.08e+18,2019,1,1
1.08e+18,2019,1,1
1.08e+18,2019,3,3
1.08e+18,2019,1,1
1.08e+18,2019,2,2
1.08e+18,2019,1,1
1.08e+18,2019,2,1
1.08e+18,2019,2,2
1.08e+18,2019,1,1
1.08e+18,2019,2,2
1.08e+18,2019,2,2
1.08e+18,2019,2,1
1.08e+18,2019,2,2
1.08e+18,2019,1,1
1.08e+18,2019,2,2
1.08e+18,2019,1,1
1.08e+18,2019,3,3
1.08e+18,2019,2,2
1.08e+18,2019,3,3
1.08e+18,2019,1,3
1.08e+18,2019,1,3
1.08e+18,2019,2,2
1.08e+18,2019,1,3
1.08e+18,2019,2,1
1.08e+18,2019,1,1
1.08e+18,2019,3,3
1.08e+18,2019,2,2
1.08e+18,2019,2,2
1.08e+18,2019,3,3
1.08e+18,2019,2,3
1.08e+18,2019,3,3
1.08e+18,2019,3,3
1.08e+18,2019,3,3
1.08e+18,2019,1,1
1.08e+18,2019,3,3
1.08e+18,2019,2,3
1.08e+18,2019,2,3
1.08e+18,2019,3,3
1.08e+18,2019,3,3
1.08e+18,2019,3,3
1.08e+18,2019,1,1
1.08e+18,2019,1,3
1.08e+18,2019,2,3
1.08e+18,2019,3,3
1.08e+18,2019,3,3
1.08e+18,2019,1,3
1.08e+18,2019,3,3
1.08e+18,2019,1,1
1.08e+18,2019,1,1
1.08e+18,2019,1,1
1.08e+18,2019,1,1
1.08e+18,2019,3,3
1.08e+18,2019,1,1
1.08e+18,2019,2,3
1.08e+18,2019,2,3
1.08e+18,2019,1,1
1.08e+18,2019,3,3
1.08e+18,2019,1,1
1.08e+18,2019,3,3
1.08e+18,2019,2,2
1.08e+18,2019,2,2
1.08e+18,2019,3,3
1.08e+18,2019,2,2
1.08e+18,2019,3,3
1.08e+18,2019,2,3
1.08e+18,2019,3,3
1.08e+18,2019,1,3
1.08e+18,2019,2,3
1.08e+18,2019,3,3
1.08e+18,2019,3,3
1.08e+18,2019,3,3
1.08e+18,2019,3,3
1.08e+18,2019,3,3
1.08e+18,2019,3,3
1.08e+18,2019,2,2
1.08e+18,2019,2,3
1.08e+18,2019,2,3
1.08e+18,2019,1,3
1.08e+18,2019,3,3
1.08e+18,2019,3,3
1.08e+18,2019,3,3
1.08e+18,2019,1,1
1.08e+18,2019,3,3
1.08e+18,2019,3,3
1.08e+18,2019,3,3
1.08e+18,2019,3,3
1.08e+18,2019,3,3
1.08e+18,2019,3,3
1.08e+18,2019,3,3
1.08e+18,2019,3,3
1.08e+18,2019,3,3
1.08e+18,2019,3,3
1.08e+18,2019,3,3
1.08e+18,2019,1,3
1.08e+18,2019,2,2
1.08e+18,2019,3,3
1.08e+18,2019,3,3
1.08e+18,2019,1,1
1.08e+18,2019,3,3
1.08e+18,2019,3,3
1.08e+18,2019,2,2
1.08e+18,2019,3,3
1.08e+18,2019,3,3
1.08e+18,2019,3,3
1.08e+18,2019,3,3
1.08e+18,2019,3,3
1.08e+18,2019,3,3
1.08e+18,2019,2,2
1.08e+18,2019,2,2
1.08e+18,2019,2,2
1.08e+18,2019,3,3
1.08e+18,2019,3,3
1.08e+18,2019,3,3
1.08e+18,2019,3,3
1.08e+18,2019,2,2
1.08e+18,2019,1,1
1.08e+18,2019,3,3
1.08e+18,2019,2,2
1.08e+18,2019,3,3
1.08e+18,2019,3,3
1.08e+18,2019,3,3
1.08e+18,2019,1,1
1.08e+18,2019,3,3
1.08e+18,2019,3,3
1.08e+18,2019,3,3
1.08e+18,2019,3,3
1.08e+18,2019,3,3
1.08e+18,2019,3,3
1.08e+18,2019,3,3
1.08e+18,2019,3,3
1.08e+18,2019,3,3
1.08e+18,2019,3,3
1.08e+18,2019,3,3
1.08e+18,2019,3,3
1.08e+18,2019,3,3
1.08e+18,2019,2,3
1.08e+18,2019,2,1
1.08e+18,2019,1,1
1.08e+18,2019,3,3
1.08e+18,2019,3,3
1.08e+18,2019,3,3
1.08e+18,2019,1,1
1.08e+18,2019,2,2
1.08e+18,2019,3,3
1.08e+18,2019,3,3
1.08e+18,2019,1,1
1.08e+18,2019,3,3
1.08e+18,2019,3,3
1.08e+18,2019,3,3
1.08e+18,2019,2,2
1.08e+18,2019,3,3
1.08e+18,2019,1,1
1.08e+18,2019,3,3
1.08e+18,2019,3,3
1.08e+18,2019,3,3
1.08e+18,2019,3,3
1.08e+18,2019,3,3
1.08e+18,2019,2,2
1.08e+18,2019,1,1
1.08e+18,2019,3,3
1.08e+18,2019,3,3
1.08e+18,2019,1,1
1.08e+18,2019,3,3
1.08e+18,2019,1,1
1.08e+18,2019,2,2
1.08e+18,2019,1,1
1.08e+18,2019,3,3
1.08e+18,2019,3,3
1.08e+18,2019,1,1
1.08e+18,2019,3,3
1.08e+18,2019,3,3
1.08e+18,2019,3,3
1.08e+18,2019,1,3
1.08e+18,2019,3,3
1.08e+18,2019,2,2
1.08e+18,2019,3,3
1.08e+18,2019,2,2
1.08e+18,2019,2,3
1.08e+18,2019,1,1
1.08e+18,2019,3,3
1.08e+18,2019,3,3
1.08e+18,2019,2,2
1.08e+18,2019,2,2
1.08e+18,2019,1,1
1.08e+18,2019,3,3
1.08e+18,2019,3,3
1.08e+18,2019,3,3
1.08e+18,2019,2,3
1.08e+18,2019,1,1
1.08e+18,2019,1,1
1.08e+18,2019,3,3
1.08e+18,2019,3,3
1.08e+18,2019,3,3
1.08e+18,2019,3,3
1.08e+18,2019,2,2
1.08e+18,2019,1,1
1.08e+18,2019,2,3
1.08e+18,2019,1,1
1.08e+18,2019,1,1
1.08e+18,2019,1,1
1.08e+18,2019,3,3
1.08e+18,2019,2,2
1.08e+18,2019,3,3
1.08e+18,2019,1,1
1.08e+18,2019,1,1
1.08e+18,2019,2,1
1.08e+18,2019,3,3
1.08e+18,2019,3,3
1.08e+18,2019,3,3
1.08e+18,2019,3,3
1.08e+18,2019,2,3
1.08e+18,2019,2,2
1.08e+18,2019,2,2
1.08e+18,2019,2,2
1.08e+18,2019,2,3
1.08e+18,2019,2,3
1.08e+18,2019,3,3
1.08e+18,2019,3,3
1.08e+18,2019,3,3
1.08e+18,2019,3,3
1.08e+18,2019,3,3
1.08e+18,2019,1,3
1.08e+18,2019,3,3
1.08e+18,2019,3,3
1.08e+18,2019,3,3
1.08e+18,2019,3,3
1.08e+18,2019,3,3
1.08e+18,2019,3,3
1.08e+18,2019,3,3
1.08e+18,2019,3,3
1.08e+18,2019,2,2
1.08e+18,2019,3,3
1.08e+18,2019,3,3
1.08e+18,2019,3,3
1.08e+18,2019,3,3
1.08e+18,2019,3,3
1.08e+18,2019,3,3
1.08e+18,2019,2,3
1.08e+18,2019,3,3
1.08e+18,2019,3,3
1.08e+18,2019,3,3
1.08e+18,2019,3,3
1.08e+18,2019,3,3
1.08e+18,2019,2,2
1.08e+18,2019,3,3
1.08e+18,2019,3,3
1.08e+18,2019,3,3
1.08e+18,2019,3,3
1.08e+18,2019,3,3
1.08e+18,2019,3,3
1.08e+18,2019,2,2
1.08e+18,2019,1,2
1.08e+18,2019,1,2
1.08e+18,2019,1,1
1.08e+18,2019,3,1
1.08e+18,2019,3,3
1.08e+18,2019,3,3
1.08e+18,2019,2,2
1.08e+18,2019,1,1
1.08e+18,2019,3,3
1.08e+18,2019,2,2
1.08e+18,2019,2,2
1.08e+18,2019,2,2
1.08e+18,2019,2,2
1.08e+18,2019,2,2
1.08e+18,2019,1,1
1.08e+18,2019,2,2
1.08e+18,2019,3,3
1.08e+18,2019,2,2
1.08e+18,2019,3,3
1.08e+18,2019,2,2
1.08e+18,2019,2,2
1.08e+18,2019,3,3
1.08e+18,2019,3,3
1.08e+18,2019,3,3
1.08e+18,2019,3,3
1.08e+18,2019,3,3
1.08e+18,2019,2,2
1.08e+18,2019,3,3
1.08e+18,2019,3,3
1.08e+18,2019,1,1
1.08e+18,2019,3,3
1.08e+18,2019,3,3
1.08e+18,2019,3,3
1.08e+18,2019,3,3
1.08e+18,2019,3,3
1.08e+18,2019,1,3
1.08e+18,2019,3,3
1.08e+18,2019,3,3
1.08e+18,2019,3,3
1.08e+18,2019,3,3
1.08e+18,2019,3,3
1.08e+18,2019,2,2
1.08e+18,2019,1,1
9.08e+17,2017,2,2
9.08e+17,2017,2,2
9.08e+17,2017,1,1
9.08e+17,2017,1,1
9.08e+17,2017,1,1
9.08e+17,2017,1,1
9.08e+17,2017,2,2
9.08e+17,2017,2,2
9.08e+17,2017,2,2
9.08e+17,2017,2,2
9.08e+17,2017,3,3
9.08e+17,2017,2,2
9.08e+17,2017,3,3
9.08e+17,2017,1,1
9.08e+17,2017,3,3
9.08e+17,2017,1,1
9.08e+17,2017,2,2
9.08e+17,2017,1,1
9.08e+17,2017,3,3
9.08e+17,2017,2,1
9.09e+17,2017,1,1
9.09e+17,2017,3,3
9.09e+17,2017,1,1
9.09e+17,2017,2,2
9.09e+17,2017,2,2
9.09e+17,2017,1,1
9.09e+17,2017,1,1
9.09e+17,2017,3,3
9.09e+17,2017,3,3
9.09e+17,2017,2,2
9.09e+17,2017,2,2
9.09e+17,2017,2,2
9.09e+17,2017,1,1
9.09e+17,2017,1,1
9.09e+17,2017,2,3
9.09e+17,2017,2,2
9.09e+17,2017,2,2
9.09e+17,2017,3,3
9.09e+17,2017,3,3
9.09e+17,2017,3,3
9.09e+17,2017,3,3
9.09e+17,2017,3,3
9.09e+17,2017,2,3
9.09e+17,2017,3,3
9.09e+17,2017,3,3
9.09e+17,2017,2,2
9.09e+17,2017,3,3
9.09e+17,2017,3,3
9.09e+17,2017,2,2
9.09e+17,2017,3,3
9.09e+17,2017,3,3
9.09e+17,2017,3,3
9.09e+17,2017,3,3
9.09e+17,2017,3,3
9.09e+17,2017,1,1
9.09e+17,2017,1,1
9.09e+17,2017,1,1
9.09e+17,2017,1,1
9.09e+17,2017,3,3
9.09e+17,2017,3,3
9.09e+17,2017,3,3
9.09e+17,2017,3,3
9.09e+17,2017,1,1
9.09e+17,2017,3,3
9.09e+17,2017,3,3
9.09e+17,2017,3,3
9.09e+17,2017,1,1
9.09e+17,2017,1,1
9.09e+17,2017,3,3
9.09e+17,2017,1,1
9.09e+17,2017,3,3
9.09e+17,2017,2,2
9.09e+17,2017,3,3
9.09e+17,2017,2,2
9.09e+17,2017,2,2
9.09e+17,2017,2,2
9.09e+17,2017,1,1
9.09e+17,2017,3,3
9.09e+17,2017,2,2
9.09e+17,2017,3,3
9.09e+17,2017,2,3
9.09e+17,2017,3,3
9.09e+17,2017,3,3
9.09e+17,2017,1,1
9.09e+17,2017,3,3
9.09e+17,2017,2,3
9.09e+17,2017,3,3
9.09e+17,2017,3,3
9.09e+17,2017,2,2
9.09e+17,2017,1,1
9.09e+17,2017,3,3
9.09e+17,2017,1,1
9.09e+17,2017,1,1
9.09e+17,2017,3,1
9.09e+17,2017,1,2
9.09e+17,2017,3,3
9.09e+17,2017,1,1
9.09e+17,2017,3,3
9.09e+17,2017,1,1
9.09e+17,2017,3,3
9.09e+17,2017,1,1
9.09e+17,2017,1,1
9.09e+17,2017,1,1
9.09e+17,2017,3,1
9.09e+17,2017,1,1
9.09e+17,2017,3,3
9.09e+17,2017,2,1
9.09e+17,2017,1,1
9.09e+17,2017,1,1
9.09e+17,2017,2,2
9.09e+17,2017,3,3
9.09e+17,2017,3,3
9.09e+17,2017,3,3
9.09e+17,2017,1,1
9.09e+17,2017,1,1
9.09e+17,2017,3,3
9.09e+17,2017,3,3
9.09e+17,2017,2,2
9.09e+17,2017,3,3
9.09e+17,2017,3,3
9.09e+17,2017,3,3
9.09e+17,2017,3,3
9.09e+17,2017,3,3
9.09e+17,2017,1,3
9.09e+17,2017,3,3
9.09e+17,2017,1,3
9.09e+17,2017,3,3
9.09e+17,2017,3,3
9.09e+17,2017,1,1
9.09e+17,2017,3,3
9.09e+17,2017,3,3
9.09e+17,2017,1,1
9.09e+17,2017,2,2
9.09e+17,2017,3,3
9.09e+17,2017,2,3
9.09e+17,2017,1,1
9.09e+17,2017,3,3
9.09e+17,2017,3,3
9.09e+17,2017,2,3
9.09e+17,2017,2,2
9.09e+17,2017,1,1
9.09e+17,2017,3,2
9.09e+17,2017,1,1
9.09e+17,2017,1,1
9.09e+17,2017,1,1
9.09e+17,2017,1,1
9.09e+17,2017,1,1
9.09e+17,2017,3,3
9.09e+17,2017,1,1
9.09e+17,2017,1,1
9.09e+17,2017,1,1
9.09e+17,2017,2,1
9.09e+17,2017,3,3
9.09e+17,2017,3,1
9.09e+17,2017,3,3
9.09e+17,2017,2,2
9.09e+17,2017,1,1
9.09e+17,2017,1,1
9.09e+17,2017,2,2
9.09e+17,2017,3,3
9.09e+17,2017,3,3
9.09e+17,2017,1,1
9.09e+17,2017,2,2
9.09e+17,2017,2,2
9.09e+17,2017,2,2
9.09e+17,2017,3,3
9.09e+17,2017,2,2
9.09e+17,2017,1,1
9.09e+17,2017,2,2
9.09e+17,2017,1,1
9.09e+17,2017,2,3
9.09e+17,2017,2,2
9.09e+17,2017,2,2
9.09e+17,2017,3,3
9.09e+17,2017,2,1
9.09e+17,2017,2,2
9.09e+17,2017,2,2
9.09e+17,2017,1,1
9.09e+17,2017,3,3
9.09e+17,2017,3,3
9.09e+17,2017,2,2
9.09e+17,2017,3,3
9.09e+17,2017,1,1
9.09e+17,2017,3,3
9.09e+17,2017,1,1
9.09e+17,2017,3,3
9.09e+17,2017,1,1
9.09e+17,2017,2,2
9.09e+17,2017,1,1
9.09e+17,2017,1,2
9.09e+17,2017,2,2
9.09e+17,2017,1,1
9.09e+17,2017,1,1
9.09e+17,2017,3,3
9.09e+17,2017,3,3
9.09e+17,2017,2,2
9.09e+17,2017,1,1
9.09e+17,2017,2,2
9.09e+17,2017,3,3
9.09e+17,2017,3,3
9.09e+17,2017,2,2
9.09e+17,2017,1,1
9.09e+17,2017,3,3
9.09e+17,2017,1,1
9.09e+17,2017,3,3
9.09e+17,2017,1,1
9.09e+17,2017,2,2
9.09e+17,2017,2,2
9.09e+17,2017,3,3
9.09e+17,2017,3,1
9.09e+17,2017,3,1
9.09e+17,2017,3,3
9.09e+17,2017,1,1
9.09e+17,2017,2,2
9.09e+17,2017,3,3
9.09e+17,2017,2,2
9.09e+17,2017,2,2
9.09e+17,2017,3,3
9.09e+17,2017,1,1
9.09e+17,2017,3,3
9.09e+17,2017,3,3
9.09e+17,2017,2,2
9.09e+17,2017,1,1
9.09e+17,2017,2,2
9.09e+17,2017,3,3
9.09e+17,2017,1,1
9.09e+17,2017,3,3
9.09e+17,2017,1,1
9.09e+17,2017,3,3
9.09e+17,2017,3,3
9.09e+17,2017,3,3
9.09e+17,2017,2,2
9.09e+17,2017,3,3
9.09e+17,2017,1,1
9.09e+17,2017,2,2
9.09e+17,2017,2,2
9.09e+17,2017,2,2
9.09e+17,2017,2,2
9.09e+17,2017,1,1
9.09e+17,2017,1,1
9.09e+17,2017,2,2
9.09e+17,2017,3,2
9.09e+17,2017,1,1
9.09e+17,2017,1,1
9.09e+17,2017,1,1
9.09e+17,2017,2,2
9.09e+17,2017,1,1
9.09e+17,2017,2,2
9.09e+17,2017,2,2
9.09e+17,2017,1,1
9.09e+17,2017,1,1
9.09e+17,2017,1,1
9.09e+17,2017,3,3
9.09e+17,2017,3,3
9.09e+17,2017,1,1
9.09e+17,2017,3,3
9.09e+17,2017,1,1
9.09e+17,2017,2,2
9.09e+17,2017,1,1
9.09e+17,2017,3,3
9.09e+17,2017,1,1
9.09e+17,2017,2,2
9.09e+17,2017,1,1
9.09e+17,2017,1,1
9.09e+17,2017,1,2
9.09e+17,2017,1,1
9.09e+17,2017,1,1
9.09e+17,2017,1,1
9.09e+17,2017,1,3
9.09e+17,2017,3,3
9.09e+17,2017,2,2
9.09e+17,2017,3,3
9.09e+17,2017,2,3
9.09e+17,2017,1,1
9.09e+17,2017,3,1
9.09e+17,2017,2,2
9.09e+17,2017,3,1
9.09e+17,2017,1,3
9.09e+17,2017,1,1
9.09e+17,2017,2,2
9.09e+17,2017,2,2
9.09e+17,2017,3,3
9.09e+17,2017,1,1
9.09e+17,2017,3,3
9.09e+17,2017,1,1
9.09e+17,2017,3,3
9.09e+17,2017,3,3
9.09e+17,2017,3,3
9.09e+17,2017,3,3
9.09e+17,2017,2,2
9.09e+17,2017,1,1
9.09e+17,2017,3,3
9.09e+17,2017,1,1
9.09e+17,2017,2,2
9.09e+17,2017,2,2
9.09e+17,2017,1,2
9.09e+17,2017,1,1
9.09e+17,2017,2,2
9.09e+17,2017,1,1
9.09e+17,2017,1,3
9.09e+17,2017,2,3
9.09e+17,2017,2,2
9.09e+17,2017,3,3
9.09e+17,2017,3,3
9.09e+17,2017,1,1
9.09e+17,2017,3,3
9.09e+17,2017,2,1
9.09e+17,2017,2,2
9.09e+17,2017,3,3
9.09e+17,2017,2,2
9.09e+17,2017,2,2
9.09e+17,2017,1,1
9.09e+17,2017,3,3
9.09e+17,2017,3,3
9.09e+17,2017,3,2
9.09e+17,2017,1,1
9.09e+17,2017,2,2
9.09e+17,2017,3,3
9.09e+17,2017,2,2
9.09e+17,2017,2,2
9.09e+17,2017,3,1
9.09e+17,2017,3,3
9.09e+17,2017,3,3
9.09e+17,2017,2,1
9.09e+17,2017,3,3
9.09e+17,2017,1,1
9.09e+17,2017,2,2
9.09e+17,2017,2,2
9.09e+17,2017,1,1
9.09e+17,2017,3,1
9.09e+17,2017,1,1
9.09e+17,2017,3,2
9.09e+17,2017,2,2
9.09e+17,2017,3,3
9.09e+17,2017,1,1
9.09e+17,2017,3,3
9.09e+17,2017,2,2
9.09e+17,2017,2,2
9.09e+17,2017,2,3
9.09e+17,2017,3,3
9.09e+17,2017,2,2
9.09e+17,2017,3,3
9.09e+17,2017,1,1
9.09e+17,2017,3,3
9.09e+17,2017,3,3
9.09e+17,2017,2,2
9.09e+17,2017,1,1
9.09e+17,2017,2,2
9.09e+17,2017,2,2
9.09e+17,2017,1,1
9.09e+17,2017,2,2
9.09e+17,2017,3,3
9.09e+17,2017,3,3
9.09e+17,2017,1,1
9.09e+17,2017,2,2
9.09e+17,2017,1,1
9.09e+17,2017,1,1
9.09e+17,2017,1,1
9.09e+17,2017,3,1
9.09e+17,2017,2,2
9.09e+17,2017,3,3
9.09e+17,2017,3,3
9.09e+17,2017,3,3
9.09e+17,2017,3,3
9.09e+17,2017,3,3
9.09e+17,2017,1,3
9.09e+17,2017,2,2
9.09e+17,2017,1,1
9.09e+17,2017,1,1
9.09e+17,2017,1,1
9.09e+17,2017,3,3
9.09e+17,2017,1,1
9.09e+17,2017,3,3
9.09e+17,2017,3,3
9.09e+17,2017,1,1
9.09e+17,2017,3,3
9.09e+17,2017,2,1
9.09e+17,2017,1,1
9.09e+17,2017,2,2
9.09e+17,2017,1,1
9.09e+17,2017,1,1
9.09e+17,2017,1,1
9.09e+17,2017,2,2
9.09e+17,2017,1,1
9.09e+17,2017,1,1
9.09e+17,2017,3,3
9.09e+17,2017,1,1
9.09e+17,2017,2,2
9.09e+17,2017,3,3
9.09e+17,2017,2,2
9.09e+17,2017,3,1
9.09e+17,2017,3,3
9.09e+17,2017,1,1
9.09e+17,2017,2,2
9.09e+17,2017,2,2
9.09e+17,2017,1,1
9.09e+17,2017,3,3
9.09e+17,2017,1,1
9.09e+17,2017,2,2
9.09e+17,2017,3,1
9.09e+17,2017,2,2
9.09e+17,2017,1,2
9.09e+17,2017,1,1
9.09e+17,2017,2,2
9.09e+17,2017,3,3
9.09e+17,2017,2,2
9.09e+17,2017,3,3
9.09e+17,2017,3,3
9.09e+17,2017,1,1
9.09e+17,2017,3,3
9.09e+17,2017,2,2
9.09e+17,2017,3,3
9.09e+17,2017,1,3
9.09e+17,2017,2,2
9.09e+17,2017,3,3
9.09e+17,2017,2,2
9.09e+17,2017,3,3
9.09e+17,2017,1,1
9.09e+17,2017,3,3
9.09e+17,2017,2,2
9.09e+17,2017,3,3
9.09e+17,2017,1,1
9.09e+17,2017,3,3
9.09e+17,2017,2,2
9.09e+17,2017,1,1
9.09e+17,2017,1,1
9.09e+17,2017,3,3
9.09e+17,2017,1,1
9.09e+17,2017,2,2
9.09e+17,2017,1,1
9.09e+17,2017,3,3
9.09e+17,2017,2,3
9.09e+17,2017,3,3
9.09e+17,2017,3,3
9.09e+17,2017,3,3
9.09e+17,2017,1,1
9.09e+17,2017,1,1
9.09e+17,2017,1,1
9.09e+17,2017,2,2
9.09e+17,2017,3,3
9.09e+17,2017,2,2
9.09e+17,2017,3,3
9.09e+17,2017,3,3
9.09e+17,2017,1,3
9.09e+17,2017,3,3
9.09e+17,2017,1,1
9.09e+17,2017,2,2
9.09e+17,2017,2,2
9.09e+17,2017,1,1
9.09e+17,2017,3,3
9.09e+17,2017,3,3
9.09e+17,2017,2,2
9.09e+17,2017,1,1
9.09e+17,2017,3,3
9.09e+17,2017,3,3
9.09e+17,2017,2,2
9.09e+17,2017,3,3
9.09e+17,2017,1,1
9.09e+17,2017,1,1
9.09e+17,2017,1,2
9.09e+17,2017,1,2
9.09e+17,2017,1,1
9.09e+17,2017,1,1
9.09e+17,2017,1,1
9.09e+17,2017,2,2
9.09e+17,2017,1,1
9.09e+17,2017,1,1
9.09e+17,2017,3,3
9.09e+17,2017,3,3
9.09e+17,2017,3,3
9.09e+17,2017,1,1
9.09e+17,2017,1,1
9.09e+17,2017,1,1
9.09e+17,2017,1,1
9.09e+17,2017,1,1
9.09e+17,2017,1,1
9.09e+17,2017,1,1
9.09e+17,2017,1,1
9.09e+17,2017,3,3
9.09e+17,2017,2,2
9.09e+17,2017,1,1
9.09e+17,2017,2,2
9.09e+17,2017,2,2
9.09e+17,2017,2,2
9.09e+17,2017,3,3
9.09e+17,2017,1,1
9.09e+17,2017,3,2
9.09e+17,2017,1,1
9.09e+17,2017,3,3
9.09e+17,2017,2,3
9.09e+17,2017,3,3
9.09e+17,2017,1,3
9.09e+17,2017,3,3
9.09e+17,2017,2,2
9.09e+17,2017,2,2
9.09e+17,2017,3,3
9.09e+17,2017,2,2
9.09e+17,2017,1,1
9.09e+17,2017,3,3
9.09e+17,2017,2,2
9.09e+17,2017,3,3
9.09e+17,2017,3,3
9.09e+17,2017,3,3
9.09e+17,2017,2,2
9.09e+17,2017,1,1
9.09e+17,2017,1,1
9.09e+17,2017,2,2
9.09e+17,2017,3,1
9.09e+17,2017,2,2
9.09e+17,2017,2,2
9.09e+17,2017,2,2
9.09e+17,2017,1,1
9.09e+17,2017,3,3
9.09e+17,2017,2,2
9.09e+17,2017,1,1
9.09e+17,2017,2,2
9.09e+17,2017,3,3
9.09e+17,2017,3,3
9.09e+17,2017,3,3
9.09e+17,2017,3,3
9.09e+17,2017,3,3
9.09e+17,2017,2,2
9.09e+17,2017,3,3
9.09e+17,2017,3,3
9.09e+17,2017,2,2
9.09e+17,2017,3,3
9.09e+17,2017,1,1
9.09e+17,2017,1,1
9.09e+17,2017,3,3
9.09e+17,2017,3,3
9.09e+17,2017,3,3
9.09e+17,2017,1,1
9.09e+17,2017,3,3
9.09e+17,2017,2,2
9.09e+17,2017,3,3
9.09e+17,2017,1,1
9.09e+17,2017,3,3
9.09e+17,2017,1,1
9.09e+17,2017,1,1
9.09e+17,2017,3,3
9.09e+17,2017,3,3
9.09e+17,2017,1,1
9.09e+17,2017,1,1
9.09e+17,2017,1,1
9.09e+17,2017,1,2
9.09e+17,2017,3,3
9.09e+17,2017,3,3
9.09e+17,2017,1,1
9.09e+17,2017,2,2
9.09e+17,2017,3,3
9.09e+17,2017,1,1
9.09e+17,2017,3,3
9.09e+17,2017,1,3
9.09e+17,2017,2,2
9.09e+17,2017,2,2
9.09e+17,2017,1,1
9.09e+17,2017,3,3
9.09e+17,2017,3,1
9.09e+17,2017,2,2
9.09e+17,2017,2,2
9.09e+17,2017,1,3
9.09e+17,2017,3,3
9.09e+17,2017,3,3
9.09e+17,2017,1,1
9.09e+17,2017,1,1
9.09e+17,2017,2,2
9.09e+17,2017,1,3
9.09e+17,2017,3,3
9.09e+17,2017,2,2
9.09e+17,2017,1,1
9.09e+17,2017,1,1
9.09e+17,2017,3,3
9.09e+17,2017,3,3
9.09e+17,2017,2,2
9.09e+17,2017,3,3
9.09e+17,2017,2,2
9.09e+17,2017,2,3
9.09e+17,2017,2,1
9.09e+17,2017,1,1
9.09e+17,2017,3,3
9.09e+17,2017,3,3
9.09e+17,2017,1,1
9.09e+17,2017,2,2
9.09e+17,2017,2,2
9.09e+17,2017,2,2
9.09e+17,2017,3,2
9.09e+17,2017,1,2
9.09e+17,2017,1,1
9.09e+17,2017,3,3
9.09e+17,2017,1,1
9.09e+17,2017,1,1
9.09e+17,2017,1,1
9.09e+17,2017,3,3
9.09e+17,2017,2,2
9.09e+17,2017,3,3
9.09e+17,2017,1,1
9.09e+17,2017,1,1
9.09e+17,2017,1,1
9.09e+17,2017,1,1
9.09e+17,2017,1,1
9.09e+17,2017,1,1
9.09e+17,2017,3,3
9.09e+17,2017,3,3
9.09e+17,2017,1,1
9.09e+17,2017,3,3
9.09e+17,2017,3,3
9.09e+17,2017,1,3
9.09e+17,2017,3,2
9.09e+17,2017,3,3
9.09e+17,2017,1,1
9.09e+17,2017,2,2
9.09e+17,2017,2,2
9.09e+17,2017,1,1
9.09e+17,2017,2,2
9.09e+17,2017,2,2
9.09e+17,2017,1,1
9.09e+17,2017,1,1
9.09e+17,2017,2,2
9.09e+17,2017,1,1
9.09e+17,2017,3,3
9.09e+17,2017,1,1
9.09e+17,2017,1,1
9.09e+17,2017,3,3
9.09e+17,2017,3,3
9.09e+17,2017,3,3
9.09e+17,2017,3,3
9.09e+17,2017,2,2
9.09e+17,2017,1,1
9.09e+17,2017,2,2
9.09e+17,2017,1,1
9.09e+17,2017,2,2
9.09e+17,2017,2,1
9.09e+17,2017,1,1
9.09e+17,2017,1,1
9.09e+17,2017,3,3
9.09e+17,2017,1,1
9.09e+17,2017,3,3
9.09e+17,2017,1,1
9.09e+17,2017,2,2
9.09e+17,2017,1,1
9.09e+17,2017,1,1
9.09e+17,2017,2,2
9.09e+17,2017,1,1
9.09e+17,2017,2,2
9.09e+17,2017,2,2
9.09e+17,2017,1,2
9.09e+17,2017,2,2
9.09e+17,2017,3,3
9.09e+17,2017,3,3
9.09e+17,2017,2,2
9.09e+17,2017,1,1
9.09e+17,2017,3,3
9.09e+17,2017,2,2
9.09e+17,2017,2,2
9.09e+17,2017,1,1
9.09e+17,2017,1,1
9.09e+17,2017,2,2
9.09e+17,2017,2,2
9.09e+17,2017,1,1
9.09e+17,2017,1,1
9.09e+17,2017,3,3
9.09e+17,2017,3,3
9.09e+17,2017,2,2
9.09e+17,2017,3,3
9.09e+17,2017,1,2
9.09e+17,2017,1,1
9.09e+17,2017,3,3
9.09e+17,2017,1,1
9.09e+17,2017,3,3
9.09e+17,2017,3,3
9.09e+17,2017,3,3
9.09e+17,2017,3,3
9.09e+17,2017,3,3
9.09e+17,2017,2,2
9.09e+17,2017,3,3
9.09e+17,2017,1,1
9.09e+17,2017,1,1
9.09e+17,2017,1,1
9.09e+17,2017,1,1
9.09e+17,2017,1,2
9.09e+17,2017,3,3
9.09e+17,2017,1,1
9.09e+17,2017,1,1
9.09e+17,2017,1,1
9.09e+17,2017,3,3
9.09e+17,2017,3,3
9.09e+17,2017,3,3
9.09e+17,2017,1,1
9.09e+17,2017,1,1
9.09e+17,2017,2,2
9.09e+17,2017,1,1
9.09e+17,2017,1,1
9.09e+17,2017,1,1
9.09e+17,2017,1,1
9.09e+17,2017,1,1
9.09e+17,2017,1,1
9.09e+17,2017,1,1
9.09e+17,2017,3,3
9.09e+17,2017,3,3
9.09e+17,2017,1,1
9.09e+17,2017,1,3
9.09e+17,2017,1,1
9.09e+17,2017,1,1
9.09e+17,2017,3,3
9.09e+17,2017,1,1
9.09e+17,2017,1,1
9.09e+17,2017,1,1
9.09e+17,2017,1,1
9.09e+17,2017,3,3
9.09e+17,2017,1,1
9.09e+17,2017,1,1
9.09e+17,2017,1,1
9.09e+17,2017,2,1
9.09e+17,2017,2,2
9.09e+17,2017,1,1
9.09e+17,2017,3,3
9.09e+17,2017,1,1
9.09e+17,2017,3,3
9.09e+17,2017,2,1
9.09e+17,2017,3,3
9.09e+17,2017,3,3
9.09e+17,2017,3,3
9.09e+17,2017,1,1
9.09e+17,2017,3,3
9.09e+17,2017,3,3
9.09e+17,2017,1,1
9.09e+17,2017,1,2
9.09e+17,2017,3,3
9.09e+17,2017,3,3
9.09e+17,2017,1,1
9.09e+17,2017,1,1
9.09e+17,2017,1,1
9.09e+17,2017,3,3
9.09e+17,2017,1,1
9.09e+17,2017,1,2
9.09e+17,2017,3,3
9.09e+17,2017,1,2
9.09e+17,2017,2,2
9.09e+17,2017,1,2
9.09e+17,2017,3,3
9.09e+17,2017,3,3
9.09e+17,2017,3,3
9.09e+17,2017,3,3
9.09e+17,2017,3,3
9.09e+17,2017,3,3
9.09e+17,2017,3,2
9.09e+17,2017,2,2
9.09e+17,2017,1,1
9.09e+17,2017,3,3
9.09e+17,2017,2,2
9.09e+17,2017,1,1
9.09e+17,2017,2,2
9.09e+17,2017,3,3
9.09e+17,2017,3,3
9.09e+17,2017,3,3
9.09e+17,2017,1,1
9.09e+17,2017,3,3
9.09e+17,2017,3,3
9.09e+17,2017,3,3
9.09e+17,2017,2,2
9.09e+17,2017,2,2
9.09e+17,2017,1,1
9.09e+17,2017,3,3
9.09e+17,2017,3,3
9.09e+17,2017,1,1
9.09e+17,2017,1,1
9.09e+17,2017,1,1
9.09e+17,2017,3,3
9.09e+17,2017,3,3
9.09e+17,2017,3,3
9.09e+17,2017,1,1
9.09e+17,2017,3,3
9.09e+17,2017,3,3
9.09e+17,2017,3,3
9.09e+17,2017,2,2
9.09e+17,2017,3,3
9.09e+17,2017,3,3
9.09e+17,2017,2,2
9.09e+17,2017,3,3
9.09e+17,2017,1,1
9.09e+17,2017,1,1
9.09e+17,2017,3,3
9.09e+17,2017,3,3
9.09e+17,2017,3,3
9.09e+17,2017,1,1
9.09e+17,2017,3,3
9.09e+17,2017,3,3
9.09e+17,2017,2,2
9.1e+17,2017,2,2
9.1e+17,2017,1,1
9.1e+17,2017,3,3
9.1e+17,2017,2,2
9.1e+17,2017,2,2
9.1e+17,2017,3,3
9.1e+17,2017,1,1
9.1e+17,2017,1,1
9.1e+17,2017,1,1
9.1e+17,2017,3,3
9.1e+17,2017,1,1
9.1e+17,2017,3,3
9.1e+17,2017,1,1
9.1e+17,2017,3,3
9.1e+17,2017,2,2
9.1e+17,2017,1,1
9.1e+17,2017,2,1
9.1e+17,2017,1,1
9.1e+17,2017,2,2
9.1e+17,2017,1,1
9.1e+17,2017,2,2
9.1e+17,2017,3,3
9.1e+17,2017,3,3
9.1e+17,2017,2,2
9.1e+17,2017,2,2
9.1e+17,2017,3,3
9.1e+17,2017,2,2
9.1e+17,2017,3,3
9.1e+17,2017,2,2
9.1e+17,2017,3,2
9.1e+17,2017,3,3
9.1e+17,2017,1,1
9.1e+17,2017,2,2
9.1e+17,2017,3,3
9.1e+17,2017,3,3
9.1e+17,2017,3,3
9.1e+17,2017,3,3
9.1e+17,2017,1,1
9.1e+17,2017,1,1
9.1e+17,2017,1,1
9.1e+17,2017,1,2
9.1e+17,2017,3,3
9.1e+17,2017,3,3
9.1e+17,2017,3,3
9.1e+17,2017,3,3
9.1e+17,2017,3,3
9.1e+17,2017,1,1
9.1e+17,2017,1,1
9.1e+17,2017,3,3
9.1e+17,2017,2,2
9.1e+17,2017,3,3
9.1e+17,2017,3,3
9.1e+17,2017,3,3
9.1e+17,2017,1,1
9.1e+17,2017,3,3
9.1e+17,2017,3,3
9.1e+17,2017,1,1
9.1e+17,2017,3,3
9.1e+17,2017,2,1
9.1e+17,2017,2,2
9.1e+17,2017,2,2
9.1e+17,2017,1,1
9.1e+17,2017,2,2
9.1e+17,2017,2,2
9.1e+17,2017,3,3
9.1e+17,2017,3,3
9.1e+17,2017,1,1
9.1e+17,2017,1,1
9.1e+17,2017,1,1
9.1e+17,2017,1,1
9.1e+17,2017,1,3
9.1e+17,2017,1,1
9.1e+17,2017,3,3
9.1e+17,2017,1,1
9.1e+17,2017,1,1
9.1e+17,2017,3,3
9.1e+17,2017,1,1
9.1e+17,2017,1,1
9.1e+17,2017,1,1
9.1e+17,2017,1,1
9.1e+17,2017,3,3
9.1e+17,2017,1,1
9.1e+17,2017,1,1
9.1e+17,2017,1,1
9.1e+17,2017,3,1
9.1e+17,2017,2,2
9.1e+17,2017,1,1
9.1e+17,2017,1,1
9.1e+17,2017,3,3
9.1e+17,2017,1,1
9.1e+17,2017,3,3
9.1e+17,2017,1,1
9.1e+17,2017,1,1
9.1e+17,2017,1,1
9.1e+17,2017,3,3
9.1e+17,2017,2,1
9.1e+17,2017,1,1
9.1e+17,2017,3,3
9.1e+17,2017,1,1
9.1e+17,2017,1,1
9.1e+17,2017,3,3
9.1e+17,2017,1,1
9.1e+17,2017,2,2
9.1e+17,2017,1,1
9.1e+17,2017,1,1
9.1e+17,2017,1,1
9.1e+17,2017,3,3
9.1e+17,2017,2,3
9.1e+17,2017,3,3
9.1e+17,2017,3,3
9.1e+17,2017,3,3
9.1e+17,2017,1,1
9.1e+17,2017,1,1
9.1e+17,2017,3,3
9.1e+17,2017,1,3
9.1e+17,2017,1,1
9.1e+17,2017,3,3
9.1e+17,2017,1,1
9.1e+17,2017,2,2
9.1e+17,2017,2,2
9.1e+17,2017,1,1
9.1e+17,2017,1,1
9.1e+17,2017,3,3
9.1e+17,2017,2,2
9.1e+17,2017,3,3
9.1e+17,2017,3,3
9.1e+17,2017,1,1
9.1e+17,2017,1,1
9.1e+17,2017,1,1
9.1e+17,2017,2,2
9.1e+17,2017,3,2
9.1e+17,2017,1,1
9.1e+17,2017,1,1
9.1e+17,2017,2,2
9.1e+17,2017,1,1
9.1e+17,2017,1,1
9.1e+17,2017,3,3
9.1e+17,2017,1,1
9.1e+17,2017,2,2
9.1e+17,2017,1,1
9.1e+17,2017,1,1
9.1e+17,2017,1,1
9.1e+17,2017,1,1
9.1e+17,2017,1,1
9.1e+17,2017,1,1
9.1e+17,2017,3,3
9.1e+17,2017,1,1
9.1e+17,2017,1,1
9.1e+17,2017,2,2
9.1e+17,2017,3,3
9.1e+17,2017,1,1
9.1e+17,2017,1,1
9.1e+17,2017,1,1
9.1e+17,2017,3,3
9.1e+17,2017,3,2
9.1e+17,2017,1,1
9.1e+17,2017,2,1
9.1e+17,2017,1,1
9.1e+17,2017,3,3
9.1e+17,2017,3,3
9.1e+17,2017,3,3
9.1e+17,2017,3,3
9.1e+17,2017,3,3
9.1e+17,2017,3,3
9.1e+17,2017,1,1
9.1e+17,2017,1,1
9.1e+17,2017,1,1
9.1e+17,2017,1,1
9.1e+17,2017,3,2
9.1e+17,2017,1,1
9.1e+17,2017,1,1
9.1e+17,2017,1,2
9.1e+17,2017,1,1
9.1e+17,2017,1,1
9.1e+17,2017,1,1
9.1e+17,2017,3,3
9.1e+17,2017,2,2
9.1e+17,2017,1,2
9.1e+17,2017,1,1
9.1e+17,2017,1,1
9.1e+17,2017,1,3
9.1e+17,2017,1,1
9.1e+17,2017,2,1
9.1e+17,2017,1,1
9.1e+17,2017,2,2
9.1e+17,2017,3,3
9.1e+17,2017,1,1
9.1e+17,2017,2,2
9.1e+17,2017,1,1
9.1e+17,2017,3,3
9.1e+17,2017,1,2
9.1e+17,2017,1,1
9.1e+17,2017,3,3
9.1e+17,2017,3,3
9.1e+17,2017,1,1
9.1e+17,2017,2,2
9.1e+17,2017,2,2
9.1e+17,2017,2,2
9.1e+17,2017,1,1
9.1e+17,2017,3,3
9.1e+17,2017,1,1
9.1e+17,2017,3,3
9.1e+17,2017,1,1
9.1e+17,2017,3,3
9.1e+17,2017,3,1
9.1e+17,2017,1,1
9.1e+17,2017,1,1
9.1e+17,2017,1,1
9.1e+17,2017,1,1
9.1e+17,2017,3,3
9.1e+17,2017,1,1
9.1e+17,2017,3,3
9.1e+17,2017,1,1
1.25e+18,2020,2,2
1.25e+18,2020,,
1.25e+18,2020,,
1.25e+18,2020,,
1.25e+18,2020,,
1.25e+18,2020,,
1.25e+18,2020,,
1.25e+18,2020,,
1.25e+18,2020,,
1.25e+18,2020,,
1.25e+18,2020,,
1.25e+18,2020,,
1.25e+18,2020,,
1.25e+18,2020,,
1.25e+18,2020,,
1.25e+18,2020,,
1.25e+18,2020,,
1.25e+18,2020,,
1.25e+18,2020,,
1.25e+18,2020,,
1.25e+18,2020,,
1.25e+18,2020,,
1.25e+18,2020,,
1.25e+18,2020,,
1.25e+18,2020,,
1.25e+18,2020,,
1.25e+18,2020,,
1.25e+18,2020,,
1.25e+18,2020,,
1.25e+18,2020,,
1.25e+18,2020,,
1.25e+18,2020,,
1.25e+18,2020,,
1.25e+18,2020,,
1.25e+18,2020,,
1.25e+18,2020,,
1.25e+18,2020,,
1.25e+18,2020,,
1.25e+18,2020,,
1.25e+18,2020,,
1.25e+18,2020,,
1.25e+18,2020,,
1.25e+18,2020,,
1.25e+18,2020,,
1.25e+18,2020,,
1.25e+18,2020,,
1.25e+18,2020,,
1.25e+18,2020,,
1.25e+18,2020,,
1.25e+18,2020,,
1.25e+18,2020,,
1.25e+18,2020,,
1.25e+18,2020,,
1.25e+18,2020,,
1.25e+18,2020,,
1.25e+18,2020,,
1.25e+18,2020,,
1.25e+18,2020,,
1.25e+18,2020,,
1.25e+18,2020,,
1.25e+18,2020,,
1.25e+18,2020,,
1.25e+18,2020,,
1.25e+18,2020,,
1.25e+18,2020,,
1.25e+18,2020,,
1.25e+18,2020,,
1.25e+18,2020,,
1.25e+18,2020,,
1.25e+18,2020,,
1.25e+18,2020,,
1.25e+18,2020,,
1.25e+18,2020,,
1.25e+18,2020,,
1.25e+18,2020,,
1.25e+18,2020,,
1.25e+18,2020,,
1.25e+18,2020,,
1.25e+18,2020,,
1.25e+18,2020,,
1.25e+18,2020,,
1.25e+18,2020,,
1.25e+18,2020,,
1.25e+18,2020,,
1.25e+18,2020,,
1.25e+18,2020,,
1.25e+18,2020,,
1.25e+18,2020,,
1.25e+18,2020,,
1.25e+18,2020,,
1.25e+18,2020,,
1.25e+18,2020,,
1.25e+18,2020,,
1.25e+18,2020,,
1.25e+18,2020,,
1.25e+18,2020,,
1.25e+18,2020,,
1.25e+18,2020,,
1.25e+18,2020,,
1.25e+18,2020,,
1.25e+18,2020,,
1.25e+18,2020,,
1.25e+18,2020,,
1.25e+18,2020,,
1.25e+18,2020,,
1.25e+18,2020,,
1.25e+18,2020,,
1.25e+18,2020,,
1.25e+18,2020,,
1.25e+18,2020,,
1.25e+18,2020,,
1.25e+18,2020,,
1.25e+18,2020,,
1.25e+18,2020,,
1.25e+18,2020,,
1.25e+18,2020,,
1.25e+18,2020,,
1.25e+18,2020,,
1.25e+18,2020,,
1.25e+18,2020,,
1.25e+18,2020,,
1.25e+18,2020,,
1.25e+18,2020,,
1.25e+18,2020,,
1.25e+18,2020,,
1.25e+18,2020,,
1.25e+18,2020,,
1.25e+18,2020,,
1.25e+18,2020,,
1.25e+18,2020,,
1.25e+18,2020,,
1.25e+18,2020,,
1.25e+18,2020,,
1.25e+18,2020,,
1.25e+18,2020,,
1.25e+18,2020,,
1.25e+18,2020,,
1.25e+18,2020,,
1.25e+18,2020,,
1.25e+18,2020,,
1.25e+18,2020,,
1.25e+18,2020,,
1.25e+18,2020,,
1.25e+18,2020,,
1.25e+18,2020,,
1.25e+18,2020,,
1.25e+18,2020,,
1.25e+18,2020,,
1.25e+18,2020,,
1.25e+18,2020,,
1.25e+18,2020,,
1.25e+18,2020,,
1.25e+18,2020,,
1.25e+18,2020,,
1.25e+18,2020,,
1.25e+18,2020,,
1.25e+18,2020,,
1.25e+18,2020,,
1.25e+18,2020,,
1.25e+18,2020,,
1.25e+18,2020,,
1.25e+18,2020,,
1.25e+18,2020,,
1.25e+18,2020,,
1.25e+18,2020,,
1.25e+18,2020,,
1.25e+18,2020,,
1.25e+18,2020,,
1.25e+18,2020,,
1.25e+18,2020,,
1.25e+18,2020,,
1.25e+18,2020,,
1.25e+18,2020,,
1.25e+18,2020,,
1.25e+18,2020,,
1.25e+18,2020,,
1.25e+18,2020,,
1.25e+18,2020,,
1.25e+18,2020,,
1.25e+18,2020,,
1.25e+18,2020,,
1.25e+18,2020,,
1.25e+18,2020,,
1.25e+18,2020,,
1.25e+18,2020,,
1.25e+18,2020,,
1.25e+18,2020,,
1.25e+18,2020,,
1.25e+18,2020,,
1.25e+18,2020,,
1.25e+18,2020,,
1.25e+18,2020,,
1.25e+18,2020,,
1.25e+18,2020,,
1.25e+18,2020,,
1.25e+18,2020,,
1.25e+18,2020,,
1.25e+18,2020,,
1.25e+18,2020,,
1.25e+18,2020,,
1.25e+18,2020,,
1.25e+18,2020,,
1.25e+18,2020,,
1.25e+18,2020,,
1.25e+18,2020,,
1.25e+18,2020,,
1.25e+18,2020,,
1.25e+18,2020,,
1.25e+18,2020,,
1.25e+18,2020,,
1.25e+18,2020,,
1.25e+18,2020,,
1.25e+18,2020,,
1.25e+18,2020,,
1.25e+18,2020,,
1.25e+18,2020,,
1.25e+18,2020,,
1.25e+18,2020,,
1.25e+18,2020,,
1.25e+18,2020,,
1.25e+18,2020,,
1.25e+18,2020,,
1.25e+18,2020,,
1.25e+18,2020,,
1.25e+18,2020,,
1.25e+18,2020,,
1.25e+18,2020,,
1.25e+18,2020,,
1.25e+18,2020,,
1.25e+18,2020,,
1.25e+18,2020,,
1.25e+18,2020,,
1.25e+18,2020,,
1.25e+18,2020,,
1.25e+18,2020,,
1.25e+18,2020,,
1.25e+18,2020,,
1.25e+18,2020,,
1.25e+18,2020,,
1.25e+18,2020,,
1.25e+18,2020,,
1.25e+18,2020,,
1.25e+18,2020,,
1.25e+18,2020,,
1.25e+18,2020,,
1.25e+18,2020,,
1.25e+18,2020,,
1.25e+18,2020,,
1.25e+18,2020,,
1.25e+18,2020,,
1.25e+18,2020,,
1.25e+18,2020,,
1.25e+18,2020,,
1.25e+18,2020,,
1.25e+18,2020,,
1.25e+18,2020,,
1.25e+18,2020,,
1.25e+18,2020,,
1.25e+18,2020,,
1.25e+18,2020,,
1.25e+18,2020,,
1.25e+18,2020,,
1.25e+18,2020,,
1.25e+18,2020,,
1.25e+18,2020,,
1.25e+18,2020,,
1.25e+18,2020,,
1.25e+18,2020,,
1.25e+18,2020,,
1.25e+18,2020,,
1.25e+18,2020,,
1.25e+18,2020,,
1.25e+18,2020,,
1.25e+18,2020,,
1.25e+18,2020,,
1.25e+18,2020,,
1.25e+18,2020,,
1.25e+18,2020,,
1.25e+18,2020,,
1.25e+18,2020,,
1.25e+18,2020,,
1.25e+18,2020,,
1.25e+18,2020,,
1.25e+18,2020,,
1.25e+18,2020,,
1.25e+18,2020,,
1.25e+18,2020,,
1.25e+18,2020,,
1.25e+18,2020,,
1.25e+18,2020,,
1.25e+18,2020,,
1.25e+18,2020,,
1.25e+18,2020,,
1.25e+18,2020,,
1.25e+18,2020,,
1.25e+18,2020,,
1.25e+18,2020,,
1.25e+18,2020,,
1.25e+18,2020,,
1.25e+18,2020,,
1.25e+18,2020,,
1.25e+18,2020,,
1.25e+18,2020,,
1.25e+18,2020,,
1.25e+18,2020,,
1.25e+18,2020,,
1.25e+18,2020,,
1.25e+18,2020,,
1.25e+18,2020,,
1.25e+18,2020,,
1.25e+18,2020,,
1.25e+18,2020,,
1.25e+18,2020,,
1.25e+18,2020,,
1.25e+18,2020,,
1.25e+18,2020,,
1.25e+18,2020,,
1.25e+18,2020,,
1.25e+18,2020,,
1.25e+18,2020,,
1.25e+18,2020,,
1.25e+18,2020,,
1.25e+18,2020,,
1.25e+18,2020,,
1.25e+18,2020,,
1.25e+18,2020,,
1.25e+18,2020,,
1.25e+18,2020,,
1.25e+18,2020,,
1.25e+18,2020,,
1.25e+18,2020,,
1.25e+18,2020,,
1.25e+18,2020,,
1.25e+18,2020,,
1.25e+18,2020,,
1.25e+18,2020,,
1.25e+18,2020,,
1.25e+18,2020,,
1.25e+18,2020,,
1.25e+18,2020,,
1.25e+18,2020,,
1.25e+18,2020,,
1.25e+18,2020,,
1.25e+18,2020,,
1.25e+18,2020,,
1.25e+18,2020,,
1.25e+18,2020,,
1.25e+18,2020,,
1.25e+18,2020,,
1.25e+18,2020,,
1.25e+18,2020,,
1.25e+18,2020,,
1.25e+18,2020,,
1.25e+18,2020,,
1.25e+18,2020,,
1.25e+18,2020,,
1.25e+18,2020,,
1.25e+18,2020,,
1.25e+18,2020,,
1.25e+18,2020,,
1.25e+18,2020,,
1.25e+18,2020,,
1.25e+18,2020,,
1.25e+18,2020,,
1.25e+18,2020,,
1.25e+18,2020,,
1.25e+18,2020,,
1.25e+18,2020,,
1.25e+18,2020,,
1.25e+18,2020,,
1.25e+18,2020,,
1.25e+18,2020,,
1.25e+18,2020,,
1.25e+18,2020,,
1.25e+18,2020,,
1.25e+18,2020,,
1.25e+18,2020,,
1.25e+18,2020,,
1.25e+18,2020,,
1.25e+18,2020,,
1.25e+18,2020,,
1.25e+18,2020,,
1.25e+18,2020,,
1.25e+18,2020,,
1.25e+18,2020,,
1.25e+18,2020,,
1.25e+18,2020,,
1.25e+18,2020,,
1.25e+18,2020,,
1.25e+18,2020,,
1.25e+18,2020,,
1.25e+18,2020,,
1.25e+18,2020,,
1.25e+18,2020,,
1.25e+18,2020,,
1.25e+18,2020,,
1.25e+18,2020,,
1.25e+18,2020,,
1.25e+18,2020,,
1.25e+18,2020,,
1.25e+18,2020,,
1.25e+18,2020,,
1.25e+18,2020,,
1.25e+18,2020,,
1.25e+18,2020,,
1.25e+18,2020,,
1.25e+18,2020,,
1.25e+18,2020,,
1.25e+18,2020,,
1.25e+18,2020,,
1.25e+18,2020,,
1.25e+18,2020,,
1.25e+18,2020,,
1.25e+18,2020,,
1.25e+18,2020,,
1.25e+18,2020,,
1.25e+18,2020,,
1.25e+18,2020,,
1.25e+18,2020,,
1.25e+18,2020,,
1.25e+18,2020,,
1.25e+18,2020,,
1.25e+18,2020,,
1.25e+18,2020,,
1.25e+18,2020,,
1.25e+18,2020,,
1.25e+18,2020,,
1.25e+18,2020,,
1.25e+18,2020,,
1.25e+18,2020,,
1.25e+18,2020,,
1.25e+18,2020,,
1.25e+18,2020,,
1.25e+18,2020,,
1.25e+18,2020,,
1.25e+18,2020,,
1.25e+18,2020,,
1.25e+18,2020,,
1.25e+18,2020,,
1.25e+18,2020,,
1.25e+18,2020,,
1.25e+18,2020,,
1.25e+18,2020,,
1.25e+18,2020,,
1.25e+18,2020,,
1.25e+18,2020,,
1.25e+18,2020,,
1.25e+18,2020,,
1.25e+18,2020,,
1.25e+18,2020,,
1.25e+18,2020,,
1.25e+18,2020,,
1.25e+18,2020,,
1.25e+18,2020,,
1.25e+18,2020,,
1.25e+18,2020,,
1.25e+18,2020,,
1.25e+18,2020,,
1.25e+18,2020,,
1.25e+18,2020,,
1.25e+18,2020,,
1.25e+18,2020,,
1.25e+18,2020,,
1.25e+18,2020,,
1.25e+18,2020,,
1.25e+18,2020,,
1.25e+18,2020,,
1.25e+18,2020,,
1.25e+18,2020,,
1.25e+18,2020,,
1.25e+18,2020,,
1.25e+18,2020,,
1.25e+18,2020,,
1.25e+18,2020,,
1.25e+18,2020,,
1.25e+18,2020,,
1.25e+18,2020,,
1.25e+18,2020,,
1.25e+18,2020,,
1.25e+18,2020,,
1.25e+18,2020,,
1.25e+18,2020,,
1.25e+18,2020,,
1.25e+18,2020,,
1.25e+18,2020,,
1.25e+18,2020,,
1.25e+18,2020,,
1.25e+18,2020,,
1.25e+18,2020,,
1.25e+18,2020,,
1.25e+18,2020,,
1.25e+18,2020,,
1.25e+18,2020,,
1.25e+18,2020,,
1.25e+18,2020,,
1.25e+18,2020,,
1.25e+18,2020,,
1.25e+18,2020,,
1.25e+18,2020,,
1.25e+18,2020,,
1.25e+18,2020,,
1.25e+18,2020,,
1.25e+18,2020,,
1.25e+18,2020,,
1.25e+18,2020,,
1.25e+18,2020,,
1.25e+18,2020,,
1.25e+18,2020,,
1.25e+18,2020,,
1.25e+18,2020,,
1.25e+18,2020,,
1.25e+18,2020,,
1.25e+18,2020,,
1.25e+18,2020,,
1.25e+18,2020,,
1.25e+18,2020,,
1.25e+18,2020,,
1.25e+18,2020,,
1.25e+18,2020,,
1.25e+18,2020,,
1.25e+18,2020,,
1.25e+18,2020,,
1.25e+18,2020,,
1.25e+18,2020,,
1.25e+18,2020,,
1.25e+18,2020,,
1.25e+18,2020,,
1.25e+18,2020,,
1.25e+18,2020,,
1.25e+18,2020,,
1.25e+18,2020,,
1.25e+18,2020,,
1.25e+18,2020,,
1.25e+18,2020,,
1.25e+18,2020,,
1.25e+18,2020,,
1.25e+18,2020,,
1.25e+18,2020,,
1.25e+18,2020,,
1.25e+18,2020,,
1.25e+18,2020,,
1.25e+18,2020,,
1.25e+18,2020,,
1.25e+18,2020,,
1.25e+18,2020,,
1.25e+18,2020,,
1.25e+18,2020,,
1.25e+18,2020,,
1.25e+18,2020,,
1.25e+18,2020,,
1.25e+18,2020,,
1.25e+18,2020,,
1.25e+18,2020,,
1.25e+18,2020,,
1.25e+18,2020,,
1.25e+18,2020,,
1.25e+18,2020,,
1.25e+18,2020,,
1.25e+18,2020,,
1.25e+18,2020,,
1.25e+18,2020,,
1.25e+18,2020,,
1.25e+18,2020,,
1.25e+18,2020,,
1.25e+18,2020,,
1.25e+18,2020,,
1.25e+18,2020,,
1.25e+18,2020,,
1.25e+18,2020,,
1.25e+18,2020,,
1.25e+18,2020,,
1.25e+18,2020,,
1.25e+18,2020,,
1.25e+18,2020,,
1.25e+18,2020,,
1.25e+18,2020,,
1.25e+18,2020,,
1.25e+18,2020,,
1.25e+18,2020,,
1.25e+18,2020,,
1.25e+18,2020,,
1.25e+18,2020,,
1.25e+18,2020,,
1.25e+18,2020,,
1.25e+18,2020,,
1.25e+18,2020,,
1.25e+18,2020,,
1.25e+18,2020,,
1.25e+18,2020,,
1.25e+18,2020,,
1.25e+18,2020,,
1.25e+18,2020,,
1.25e+18,2020,,
1.25e+18,2020,,
1.25e+18,2020,,
1.25e+18,2020,,
1.25e+18,2020,,
1.25e+18,2020,,
1.25e+18,2020,,
1.25e+18,2020,,
1.25e+18,2020,,
1.25e+18,2020,,
1.25e+18,2020,,
1.25e+18,2020,,
1.25e+18,2020,,
1.25e+18,2020,,
1.25e+18,2020,,
1.25e+18,2020,,
1.25e+18,2020,,
1.25e+18,2020,,
1.25e+18,2020,,
1.25e+18,2020,,
1.25e+18,2020,,
1.25e+18,2020,,
1.25e+18,2020,,
1.25e+18,2020,,
1.25e+18,2020,,
1.25e+18,2020,,
1.25e+18,2020,,
1.25e+18,2020,,
1.25e+18,2020,,
1.25e+18,2020,,
1.25e+18,2020,,
1.25e+18,2020,,
1.25e+18,2020,,
1.25e+18,2020,,
1.25e+18,2020,,
1.25e+18,2020,,
1.25e+18,2020,,
1.25e+18,2020,,
1.25e+18,2020,,
1.25e+18,2020,,
1.25e+18,2020,,
1.25e+18,2020,,
1.25e+18,2020,,
1.25e+18,2020,,
1.25e+18,2020,,
1.25e+18,2020,,
1.25e+18,2020,,
1.25e+18,2020,,
1.25e+18,2020,,
1.25e+18,2020,,
1.25e+18,2020,,
1.25e+18,2020,,
1.25e+18,2020,,
1.25e+18,2020,,
1.25e+18,2020,,
1.25e+18,2020,,
1.25e+18,2020,,
1.25e+18,2020,,
1.25e+18,2020,,
1.25e+18,2020,,
1.25e+18,2020,,
1.25e+18,2020,,
1.25e+18,2020,,
1.25e+18,2020,,
1.25e+18,2020,,
1.25e+18,2020,,
1.25e+18,2020,,
1.25e+18,2020,,
1.25e+18,2020,,
1.25e+18,2020,,
1.25e+18,2020,,
1.25e+18,2020,,
1.25e+18,2020,,
1.25e+18,2020,,
1.25e+18,2020,,
1.25e+18,2020,,
1.25e+18,2020,,
1.25e+18,2020,,
1.25e+18,2020,,
1.25e+18,2020,,
1.25e+18,2020,,
1.25e+18,2020,,
1.25e+18,2020,,
1.25e+18,2020,,
1.25e+18,2020,,
1.25e+18,2020,,
1.25e+18,2020,,
1.25e+18,2020,,
1.25e+18,2020,,
1.25e+18,2020,,
1.25e+18,2020,,
1.25e+18,2020,,
1.25e+18,2020,,
1.25e+18,2020,,
1.25e+18,2020,,
1.25e+18,2020,,
1.25e+18,2020,,
1.25e+18,2020,,
1.25e+18,2020,,
1.25e+18,2020,,
1.25e+18,2020,,
1.25e+18,2020,,
1.25e+18,2020,,
1.25e+18,2020,,
1.25e+18,2020,,
1.25e+18,2020,,
1.25e+18,2020,,
1.25e+18,2020,,
1.25e+18,2020,,
1.25e+18,2020,,
1.25e+18,2020,,
1.25e+18,2020,,
1.25e+18,2020,,
1.25e+18,2020,,
1.25e+18,2020,,
1.25e+18,2020,,
1.25e+18,2020,,
1.25e+18,2020,,
1.25e+18,2020,,
1.25e+18,2020,,
1.25e+18,2020,,
1.25e+18,2020,,
1.25e+18,2020,,
1.25e+18,2020,,
1.25e+18,2020,,
1.25e+18,2020,,
1.25e+18,2020,,
1.25e+18,2020,,
1.25e+18,2020,,
1.25e+18,2020,,
1.25e+18,2020,,
1.25e+18,2020,,
1.25e+18,2020,,
1.25e+18,2020,,
1.25e+18,2020,,
1.25e+18,2020,,
1.25e+18,2020,,
1.25e+18,2020,,
1.25e+18,2020,,
1.25e+18,2020,,
1.25e+18,2020,,
1.25e+18,2020,,
1.25e+18,2020,,
1.25e+18,2020,,
1.25e+18,2020,,
1.25e+18,2020,,
1.25e+18,2020,,
1.25e+18,2020,,
1.25e+18,2020,,
1.25e+18,2020,,
1.25e+18,2020,,
1.25e+18,2020,,
1.25e+18,2020,,
1.25e+18,2020,,
1.25e+18,2020,,
1.25e+18,2020,,
1.25e+18,2020,,
1.25e+18,2020,,
1.25e+18,2020,,
1.25e+18,2020,,
1.25e+18,2020,,
1.25e+18,2020,,
1.25e+18,2020,,
1.25e+18,2020,,
1.25e+18,2020,,
1.25e+18,2020,,
1.25e+18,2020,,
1.25e+18,2020,,
1.25e+18,2020,,
1.25e+18,2020,,
1.25e+18,2020,,
1.25e+18,2020,,
1.25e+18,2020,,
1.25e+18,2020,,
1.25e+18,2020,,
1.25e+18,2020,,
1.25e+18,2020,,
1.25e+18,2020,,
1.25e+18,2020,,
1.25e+18,2020,,
1.25e+18,2020,,
1.25e+18,2020,,
1.25e+18,2020,,
1.25e+18,2020,,
1.25e+18,2020,,
1.25e+18,2020,,
1.25e+18,2020,,
1.25e+18,2020,,
1.25e+18,2020,,
1.25e+18,2020,,
1.25e+18,2020,,
1.25e+18,2020,,
1.25e+18,2020,,
1.25e+18,2020,,
1.25e+18,2020,,
1.25e+18,2020,,
1.25e+18,2020,,
1.25e+18,2020,,
1.25e+18,2020,,
1.25e+18,2020,,
1.25e+18,2020,,
1.25e+18,2020,,
1.25e+18,2020,,
1.25e+18,2020,,{}
1.25e+18,2020,,
1.25e+18,2020,,
1.25e+18,2020,,
1.25e+18,2020,,
1.25e+18,2020,,
1.25e+18,2020,,
1.25e+18,2020,,
1.25e+18,2020,,
1.25e+18,2020,,
1.25e+18,2020,,
1.25e+18,2020,,
1.25e+18,2020,,
1.25e+18,2020,,
1.25e+18,2020,,
1.25e+18,2020,,
1.25e+18,2020,,
1.25e+18,2020,,
1.25e+18,2020,,
1.25e+18,2020,,
1.25e+18,2020,,
1.25e+18,2020,,
1.25e+18,2020,,
1.25e+18,2020,,
1.25e+18,2020,,
1.25e+18,2020,,
1.25e+18,2020,,
1.25e+18,2020,,
1.25e+18,2020,,
1.25e+18,2020,,
1.25e+18,2020,,
1.25e+18,2020,,
1.25e+18,2020,,
1.25e+18,2020,,
1.25e+18,2020,,
1.25e+18,2020,,
1.25e+18,2020,,
1.25e+18,2020,,
1.25e+18,2020,,
1.25e+18,2020,,
1.25e+18,2020,,
1.25e+18,2020,,
1.25e+18,2020,,
1.25e+18,2020,,
1.25e+18,2020,,
1.25e+18,2020,,
1.25e+18,2020,,
1.25e+18,2020,,
1.25e+18,2020,,
1.25e+18,2020,,
1.25e+18,2020,,
1.25e+18,2020,,
1.25e+18,2020,,
1.25e+18,2020,,
1.25e+18,2020,,
1.25e+18,2020,,
1.25e+18,2020,,
1.25e+18,2020,,
1.25e+18,2020,,
1.25e+18,2020,,
1.25e+18,2020,,
1.25e+18,2020,,
1.25e+18,2020,,
1.25e+18,2020,,
1.25e+18,2020,,
1.25e+18,2020,,
1.25e+18,2020,,
1.25e+18,2020,,
1.25e+18,2020,,
1.25e+18,2020,,
1.25e+18,2020,,
1.25e+18,2020,,
1.25e+18,2020,,
1.25e+18,2020,,
1.25e+18,2020,,
1.25e+18,2020,,
1.25e+18,2020,,
1.25e+18,2020,,
1.25e+18,2020,,
1.25e+18,2020,,
1.25e+18,2020,,
1.25e+18,2020,,
1.25e+18,2020,,
1.25e+18,2020,,
1.25e+18,2020,,
1.25e+18,2020,,
1.25e+18,2020,,
1.25e+18,2020,,
1.25e+18,2020,,
1.25e+18,2020,,
1.25e+18,2020,,
1.25e+18,2020,,
1.25e+18,2020,,
1.25e+18,2020,,
1.25e+18,2020,,
1.25e+18,2020,,
1.25e+18,2020,,
1.25e+18,2020,,
1.25e+18,2020,,
1.25e+18,2020,,
1.25e+18,2020,,
1.25e+18,2020,,
1.25e+18,2020,,
1.25e+18,2020,,
1.25e+18,2020,,
1.25e+18,2020,,
1.25e+18,2020,,
1.25e+18,2020,,
1.25e+18,2020,,
1.25e+18,2020,,
1.25e+18,2020,,
1.25e+18,2020,,
1.25e+18,2020,,
1.25e+18,2020,,
1.25e+18,2020,,
1.25e+18,2020,,
1.25e+18,2020,,
1.25e+18,2020,,
1.25e+18,2020,,
1.25e+18,2020,,
1.25e+18,2020,,
1.25e+18,2020,,
1.25e+18,2020,,
1.25e+18,2020,,
1.25e+18,2020,,
1.25e+18,2020,,
1.25e+18,2020,,
1.25e+18,2020,,
1.25e+18,2020,,
1.25e+18,2020,,
1.25e+18,2020,,
1.25e+18,2020,,
1.25e+18,2020,,
1.25e+18,2020,,
1.25e+18,2020,,
1.25e+18,2020,,
1.25e+18,2020,,
1.25e+18,2020,,
1.25e+18,2020,,
1.25e+18,2020,,
1.25e+18,2020,,
1.25e+18,2020,,
1.25e+18,2020,,
1.25e+18,2020,,
1.25e+18,2020,,
1.25e+18,2020,,
1.25e+18,2020,,
1.25e+18,2020,,
1.25e+18,2020,,
1.25e+18,2020,,
1.25e+18,2020,,
1.25e+18,2020,,
1.25e+18,2020,,
1.25e+18,2020,,
1.25e+18,2020,,
1.25e+18,2020,,
1.25e+18,2020,,
1.25e+18,2020,,
1.25e+18,2020,,
1.25e+18,2020,,
1.25e+18,2020,,
1.25e+18,2020,,
1.25e+18,2020,,
1.25e+18,2020,,
1.25e+18,2020,,
1.25e+18,2020,,
1.25e+18,2020,,
1.25e+18,2020,,
1.25e+18,2020,,
1.25e+18,2020,,
1.25e+18,2020,,
1.25e+18,2020,,
1.25e+18,2020,,
1.25e+18,2020,,
1.25e+18,2020,,
1.25e+18,2020,,
1.25e+18,2020,,
1.25e+18,2020,,
1.25e+18,2020,,
1.25e+18,2020,,
1.25e+18,2020,,
1.25e+18,2020,,
1.25e+18,2020,,
1.25e+18,2020,,
1.25e+18,2020,,
1.25e+18,2020,,
1.25e+18,2020,,
1.25e+18,2020,,
1.25e+18,2020,,
1.25e+18,2020,,
1.25e+18,2020,,
1.25e+18,2020,,
1.25e+18,2020,,
1.25e+18,2020,,
1.25e+18,2020,,
1.25e+18,2020,,
1.25e+18,2020,,
1.25e+18,2020,,
1.25e+18,2020,,
1.25e+18,2020,,
1.25e+18,2020,,
1.25e+18,2020,,
1.25e+18,2020,,
1.25e+18,2020,,
1.25e+18,2020,,
1.25e+18,2020,,
1.5e+18,2022,,
1.5e+18,2022,,
1.5e+18,2022,,
1.5e+18,2022,,
1.5e+18,2022,,
1.5e+18,2022,,
1.5e+18,2022,,
1.5e+18,2022,,
1.5e+18,2022,,
1.5e+18,2022,,
1.5e+18,2022,,
1.5e+18,2022,,
1.5e+18,2022,,
1.5e+18,2022,,
1.5e+18,2022,,
1.5e+18,2022,,
1.5e+18,2022,,
1.5e+18,2022,,
1.5e+18,2022,,
1.5e+18,2022,,
1.5e+18,2022,,
1.5e+18,2022,,
1.5e+18,2022,,
1.5e+18,2022,,
1.5e+18,2022,,
1.5e+18,2022,,
1.5e+18,2022,,
1.5e+18,2022,,
1.5e+18,2022,,
1.5e+18,2022,,
1.5e+18,2022,,
1.5e+18,2022,,
1.5e+18,2022,,
1.5e+18,2022,,
1.5e+18,2022,,
1.5e+18,2022,,
1.5e+18,2022,,
1.5e+18,2022,,
1.5e+18,2022,,
1.5e+18,2022,,
1.5e+18,2022,,
1.5e+18,2022,,
1.5e+18,2022,,
1.5e+18,2022,,
1.5e+18,2022,,
1.5e+18,2022,,
1.5e+18,2022,,
1.5e+18,2022,,
1.5e+18,2022,,
1.5e+18,2022,,
1.5e+18,2022,,
1.5e+18,2022,,
1.5e+18,2022,,
1.5e+18,2022,,
1.5e+18,2022,,
1.5e+18,2022,,
1.5e+18,2022,,
1.5e+18,2022,,
1.5e+18,2022,,
1.5e+18,2022,,
1.5e+18,2022,,
1.5e+18,2022,,
1.5e+18,2022,,
1.5e+18,2022,,
1.5e+18,2022,,
1.5e+18,2022,,
1.5e+18,2022,,
1.5e+18,2022,,
1.5e+18,2022,,
1.5e+18,2022,,
1.5e+18,2022,,
1.5e+18,2022,,
1.5e+18,2022,,
1.5e+18,2022,,
1.5e+18,2022,,
1.5e+18,2022,,
1.5e+18,2022,,
1.5e+18,2022,,
1.5e+18,2022,,
1.5e+18,2022,,
1.5e+18,2022,,
1.5e+18,2022,,
1.5e+18,2022,,
1.5e+18,2022,,
1.5e+18,2022,,
1.5e+18,2022,,
1.5e+18,2022,,
1.5e+18,2022,,
1.5e+18,2022,,
1.5e+18,2022,,
1.5e+18,2022,,
1.5e+18,2022,,
1.5e+18,2022,,
1.5e+18,2022,,
1.5e+18,2022,,
1.5e+18,2022,,
1.5e+18,2022,,
1.5e+18,2022,,
1.5e+18,2022,,
1.5e+18,2022,,
1.5e+18,2022,,
1.5e+18,2022,,
1.5e+18,2022,,
1.5e+18,2022,,
1.5e+18,2022,,
1.5e+18,2022,,
1.5e+18,2022,,
1.5e+18,2022,,
1.5e+18,2022,,
1.5e+18,2022,,
1.5e+18,2022,,
1.5e+18,2022,,
1.5e+18,2022,,
1.5e+18,2022,,
1.5e+18,2022,,
1.5e+18,2022,,
1.5e+18,2022,,
1.5e+18,2022,,
1.5e+18,2022,,
1.5e+18,2022,,
1.5e+18,2022,,
1.5e+18,2022,,
1.5e+18,2022,,
1.5e+18,2022,,
1.5e+18,2022,,
1.5e+18,2022,,
1.5e+18,2022,,
1.5e+18,2022,,
1.5e+18,2022,,
1.5e+18,2022,,
1.5e+18,2022,,
1.5e+18,2022,,
1.5e+18,2022,,
1.5e+18,2022,,
1.5e+18,2022,,
1.5e+18,2022,,
1.5e+18,2022,,
1.5e+18,2022,,
1.5e+18,2022,,
1.5e+18,2022,,
1.5e+18,2022,,
1.5e+18,2022,,
1.5e+18,2022,,
1.5e+18,2022,,
1.5e+18,2022,,
1.5e+18,2022,,
1.5e+18,2022,,
1.5e+18,2022,,
1.5e+18,2022,,
1.5e+18,2022,,
1.5e+18,2022,,
1.5e+18,2022,,
1.5e+18,2022,,
1.5e+18,2022,,
1.5e+18,2022,,
1.5e+18,2022,,
1.5e+18,2022,,
1.5e+18,2022,,
1.5e+18,2022,,
1.5e+18,2022,,
1.5e+18,2022,,
1.5e+18,2022,,
1.5e+18,2022,,
1.5e+18,2022,,
1.5e+18,2022,,
1.5e+18,2022,,
1.5e+18,2022,,
1.5e+18,2022,,
1.5e+18,2022,,
1.5e+18,2022,,
1.5e+18,2022,,
1.5e+18,2022,,
1.5e+18,2022,,
1.5e+18,2022,,
1.5e+18,2022,,
1.5e+18,2022,,
1.5e+18,2022,,
1.5e+18,2022,,
1.5e+18,2022,,
1.5e+18,2022,,
1.5e+18,2022,,
1.5e+18,2022,,
1.5e+18,2022,,
1.5e+18,2022,,
1.5e+18,2022,,
1.5e+18,2022,,
1.5e+18,2022,,
1.5e+18,2022,,
1.5e+18,2022,,
1.5e+18,2022,,
1.5e+18,2022,,
1.5e+18,2022,,
1.5e+18,2022,,
1.5e+18,2022,,
1.5e+18,2022,,
1.5e+18,2022,,
1.5e+18,2022,,
1.5e+18,2022,,
1.5e+18,2022,,
1.5e+18,2022,,
1.5e+18,2022,,
1.5e+18,2022,,
1.5e+18,2022,,
1.5e+18,2022,,
1.5e+18,2022,,
1.5e+18,2022,,
1.5e+18,2022,,
1.5e+18,2022,,
1.5e+18,2022,,
1.5e+18,2022,,
1.5e+18,2022,,
1.5e+18,2022,,
1.5e+18,2022,,
1.5e+18,2022,,
1.5e+18,2022,,
1.5e+18,2022,,
1.5e+18,2022,,
1.5e+18,2022,,
1.5e+18,2022,,
1.5e+18,2022,,
1.5e+18,2022,,
1.5e+18,2022,,
1.5e+18,2022,,
1.5e+18,2022,,
1.5e+18,2022,,
1.5e+18,2022,,
1.5e+18,2022,,
1.5e+18,2022,,
1.5e+18,2022,,
1.5e+18,2022,,
1.5e+18,2022,,
1.5e+18,2022,,
1.5e+18,2022,,
1.5e+18,2022,,
1.5e+18,2022,,
1.5e+18,2022,,
1.5e+18,2022,,
1.5e+18,2022,,
1.5e+18,2022,,
1.5e+18,2022,,
1.5e+18,2022,,
1.5e+18,2022,,
1.5e+18,2022,,
1.5e+18,2022,,
1.5e+18,2022,,
1.5e+18,2022,,
1.5e+18,2022,,
1.5e+18,2022,,
1.5e+18,2022,,
1.5e+18,2022,,
1.5e+18,2022,,
1.5e+18,2022,,
1.5e+18,2022,,
1.5e+18,2022,,
1.5e+18,2022,,
1.5e+18,2022,,
1.5e+18,2022,,
1.5e+18,2022,,
1.5e+18,2022,,
1.5e+18,2022,,
1.5e+18,2022,,
1.5e+18,2022,,
1.5e+18,2022,,
1.5e+18,2022,,
1.5e+18,2022,,
1.5e+18,2022,,
1.5e+18,2022,,
1.5e+18,2022,,
1.5e+18,2022,,
1.5e+18,2022,,
1.5e+18,2022,,
1.5e+18,2022,,
1.5e+18,2022,,
1.5e+18,2022,,
1.5e+18,2022,,
1.5e+18,2022,,
1.5e+18,2022,,
1.5e+18,2022,,
1.5e+18,2022,,
1.5e+18,2022,,
1.5e+18,2022,,
1.5e+18,2022,,
1.5e+18,2022,,
1.5e+18,2022,,
1.5e+18,2022,,
1.5e+18,2022,,
1.5e+18,2022,,
1.5e+18,2022,,
1.5e+18,2022,,
1.5e+18,2022,,
1.5e+18,2022,,
1.5e+18,2022,,
1.5e+18,2022,,
1.5e+18,2022,,
1.5e+18,2022,,
1.5e+18,2022,,
1.5e+18,2022,,
1.5e+18,2022,,
1.5e+18,2022,,
1.5e+18,2022,,
1.5e+18,2022,,
1.5e+18,2022,,
1.5e+18,2022,,
1.5e+18,2022,,
1.5e+18,2022,,
1.5e+18,2022,,
1.5e+18,2022,,
1.5e+18,2022,,
1.5e+18,2022,,
1.5e+18,2022,,
1.5e+18,2022,,
1.5e+18,2022,,
1.5e+18,2022,,
1.5e+18,2022,,
1.5e+18,2022,,
1.5e+18,2022,,
1.5e+18,2022,,
1.5e+18,2022,,
1.5e+18,2022,,
1.5e+18,2022,,
1.5e+18,2022,,
1.5e+18,2022,,
1.5e+18,2022,,
1.5e+18,2022,,
1.5e+18,2022,,
1.5e+18,2022,,
1.5e+18,2022,,
1.5e+18,2022,,
1.5e+18,2022,,
1.5e+18,2022,,
1.5e+18,2022,,
1.5e+18,2022,,
1.5e+18,2022,,
1.5e+18,2022,,
1.5e+18,2022,,
1.5e+18,2022,,
1.5e+18,2022,,
1.5e+18,2022,,
1.5e+18,2022,,
1.5e+18,2022,,
1.5e+18,2022,,
1.5e+18,2022,,
1.5e+18,2022,,
1.5e+18,2022,,
1.5e+18,2022,,
1.5e+18,2022,,
1.5e+18,2022,,
1.5e+18,2022,,
1.5e+18,2022,,
1.5e+18,2022,,
1.5e+18,2022,,
1.5e+18,2022,,
1.5e+18,2022,,
1.5e+18,2022,,
1.5e+18,2022,,
1.5e+18,2022,,
1.5e+18,2022,,
1.5e+18,2022,,
1.5e+18,2022,,
1.5e+18,2022,,
1.5e+18,2022,,
1.5e+18,2022,,
1.5e+18,2022,,
1.5e+18,2022,,
1.5e+18,2022,,
1.5e+18,2022,,
1.5e+18,2022,,
1.5e+18,2022,,
1.5e+18,2022,,
1.5e+18,2022,,
1.5e+18,2022,,
1.5e+18,2022,,
1.5e+18,2022,,
1.5e+18,2022,,
1.5e+18,2022,,
1.5e+18,2022,,
1.5e+18,2022,,
1.5e+18,2022,,
1.5e+18,2022,,
1.5e+18,2022,,
1.5e+18,2022,,
1.5e+18,2022,,
1.5e+18,2022,,
1.5e+18,2022,,
1.5e+18,2022,,
1.5e+18,2022,,
1.5e+18,2022,,
1.5e+18,2022,,
1.5e+18,2022,,
1.5e+18,2022,,
1.5e+18,2022,,
1.5e+18,2022,,
1.5e+18,2022,,
1.5e+18,2022,,
1.5e+18,2022,,
1.5e+18,2022,,
1.5e+18,2022,,
1.5e+18,2022,,
1.5e+18,2022,,
1.5e+18,2022,,
1.5e+18,2022,,
1.5e+18,2022,,
1.5e+18,2022,,
1.5e+18,2022,,
1.5e+18,2022,,
1.5e+18,2022,,
1.5e+18,2022,,
1.5e+18,2022,,
1.5e+18,2022,,
1.5e+18,2022,,
1.5e+18,2022,,
1.5e+18,2022,,
1.5e+18,2022,,
1.5e+18,2022,,
1.5e+18,2022,,
1.5e+18,2022,,
1.5e+18,2022,,
1.5e+18,2022,,
1.5e+18,2022,,
1.5e+18,2022,,
1.5e+18,2022,,
1.5e+18,2022,,
1.5e+18,2022,,
1.5e+18,2022,,
1.5e+18,2022,,
1.5e+18,2022,,
1.5e+18,2022,,
1.5e+18,2022,,
1.5e+18,2022,,
1.5e+18,2022,,
1.5e+18,2022,,
1.5e+18,2022,,
1.5e+18,2022,,
1.5e+18,2022,,
1.5e+18,2022,,
1.5e+18,2022,,
1.5e+18,2022,,
1.5e+18,2022,,
1.5e+18,2022,,
1.5e+18,2022,,
1.5e+18,2022,,
1.5e+18,2022,,
1.5e+18,2022,,
1.5e+18,2022,,
1.5e+18,2022,,
1.5e+18,2022,,
1.5e+18,2022,,
1.5e+18,2022,,
1.5e+18,2022,,
1.5e+18,2022,,
1.5e+18,2022,,
1.5e+18,2022,,
1.5e+18,2022,,
1.5e+18,2022,,
1.5e+18,2022,,
1.5e+18,2022,,
1.5e+18,2022,,
1.5e+18,2022,,
1.5e+18,2022,,
1.5e+18,2022,,
1.5e+18,2022,,
1.5e+18,2022,,
1.5e+18,2022,,
1.5e+18,2022,,
1.5e+18,2022,,
1.5e+18,2022,,
1.5e+18,2022,,
1.5e+18,2022,,
1.5e+18,2022,,
1.5e+18,2022,,
1.5e+18,2022,,
1.5e+18,2022,,
1.5e+18,2022,,
1.5e+18,2022,,
1.5e+18,2022,,
1.5e+18,2022,,
1.5e+18,2022,,
1.5e+18,2022,,
1.5e+18,2022,,
1.5e+18,2022,,
1.5e+18,2022,,
1.5e+18,2022,,
1.5e+18,2022,,
1.5e+18,2022,,
1.5e+18,2022,,
1.5e+18,2022,,
1.5e+18,2022,,
1.5e+18,2022,,
1.5e+18,2022,,
1.5e+18,2022,,
1.5e+18,2022,,
1.5e+18,2022,,
1.5e+18,2022,,
1.5e+18,2022,,
1.5e+18,2022,,
1.5e+18,2022,,
1.5e+18,2022,,
1.5e+18,2022,,
1.5e+18,2022,,
1.5e+18,2022,,
1.5e+18,2022,,
1.5e+18,2022,,
1.5e+18,2022,,
1.5e+18,2022,,
1.5e+18,2022,,
1.5e+18,2022,,
1.5e+18,2022,,
1.5e+18,2022,,
1.5e+18,2022,,
1.5e+18,2022,,
1.5e+18,2022,,
1.5e+18,2022,,
1.5e+18,2022,,
1.5e+18,2022,,
1.5e+18,2022,,
1.5e+18,2022,,
1.5e+18,2022,,
1.5e+18,2022,,
1.5e+18,2022,,
1.5e+18,2022,,
1.5e+18,2022,,
1.5e+18,2022,,
1.5e+18,2022,,
1.5e+18,2022,,
1.5e+18,2022,,
1.5e+18,2022,,
1.5e+18,2022,,
1.5e+18,2022,,
1.5e+18,2022,,
1.5e+18,2022,,
1.5e+18,2022,,
1.5e+18,2022,,
1.5e+18,2022,,
1.5e+18,2022,,
1.5e+18,2022,,
1.5e+18,2022,,
1.5e+18,2022,,
1.5e+18,2022,,
1.5e+18,2022,,
1.5e+18,2022,,
1.5e+18,2022,,
1.5e+18,2022,,
1.5e+18,2022,,
1.5e+18,2022,,
1.5e+18,2022,,
1.5e+18,2022,,
1.5e+18,2022,,
1.5e+18,2022,,
1.5e+18,2022,,
1.5e+18,2022,,
1.5e+18,2022,,
1.5e+18,2022,,
1.5e+18,2022,,
1.5e+18,2022,,
1.5e+18,2022,,
1.5e+18,2022,,
1.5e+18,2022,,
1.5e+18,2022,,
1.5e+18,2022,,
1.5e+18,2022,,
1.5e+18,2022,,
1.5e+18,2022,,
1.5e+18,2022,,
1.5e+18,2022,,
1.5e+18,2022,,
1.5e+18,2022,,
1.5e+18,2022,,
1.5e+18,2022,,
1.5e+18,2022,,
1.5e+18,2022,,
1.5e+18,2022,,
1.5e+18,2022,,
1.5e+18,2022,,
1.5e+18,2022,,
1.5e+18,2022,,
1.5e+18,2022,,
1.5e+18,2022,,
1.5e+18,2022,,
1.5e+18,2022,,
1.5e+18,2022,,
1.5e+18,2022,,
1.5e+18,2022,,
1.5e+18,2022,,
1.5e+18,2022,,
1.5e+18,2022,,
1.5e+18,2022,,
1.5e+18,2022,,
1.5e+18,2022,,
1.5e+18,2022,,
1.5e+18,2022,,
1.5e+18,2022,,
1.5e+18,2022,,
1.5e+18,2022,,
1.5e+18,2022,,
1.5e+18,2022,,
1.5e+18,2022,,
1.5e+18,2022,,
1.5e+18,2022,,
1.5e+18,2022,,
1.5e+18,2022,,
1.5e+18,2022,,
1.5e+18,2022,,
1.5e+18,2022,,
1.5e+18,2022,,
1.5e+18,2022,,
1.5e+18,2022,,
1.5e+18,2022,,
1.5e+18,2022,,
1.5e+18,2022,,
1.5e+18,2022,,
1.5e+18,2022,,
1.5e+18,2022,,
1.5e+18,2022,,
1.5e+18,2022,,
1.5e+18,2022,,
1.5e+18,2022,,
1.5e+18,2022,,
1.5e+18,2022,,
1.5e+18,2022,,
1.5e+18,2022,,
1.5e+18,2022,,
1.5e+18,2022,,
1.5e+18,2022,,
1.5e+18,2022,,
1.5e+18,2022,,
1.5e+18,2022,,
1.5e+18,2022,,
1.5e+18,2022,,
1.5e+18,2022,,
1.5e+18,2022,,
1.5e+18,2022,,
1.5e+18,2022,,
1.5e+18,2022,,
1.5e+18,2022,,
1.5e+18,2022,,
1.5e+18,2022,,
1.5e+18,2022,,
1.5e+18,2022,,
1.5e+18,2022,,
1.5e+18,2022,,
1.5e+18,2022,,
1.5e+18,2022,,
1.5e+18,2022,,
1.5e+18,2022,,
1.5e+18,2022,,
1.5e+18,2022,,
1.5e+18,2022,,
1.5e+18,2022,,
1.5e+18,2022,,
1.5e+18,2022,,
1.5e+18,2022,,
1.5e+18,2022,,
1.5e+18,2022,,
1.5e+18,2022,,
1.5e+18,2022,,
1.5e+18,2022,,
1.5e+18,2022,,
1.5e+18,2022,,
1.5e+18,2022,,
1.5e+18,2022,,
1.5e+18,2022,,
1.5e+18,2022,,
1.5e+18,2022,,
1.5e+18,2022,,
1.5e+18,2022,,
1.5e+18,2022,,
1.5e+18,2022,,
1.5e+18,2022,,
1.5e+18,2022,,
1.5e+18,2022,,
1.5e+18,2022,,
1.5e+18,2022,,
1.5e+18,2022,,
1.5e+18,2022,,
1.5e+18,2022,,
1.5e+18,2022,,
1.5e+18,2022,,
1.5e+18,2022,,
1.5e+18,2022,,
1.5e+18,2022,,
1.5e+18,2022,,
1.5e+18,2022,,
1.5e+18,2022,,
1.5e+18,2022,,
1.5e+18,2022,,
1.5e+18,2022,,
1.5e+18,2022,,
1.5e+18,2022,,
1.5e+18,2022,,
1.5e+18,2022,,
1.5e+18,2022,,
1.5e+18,2022,,
1.5e+18,2022,,
1.5e+18,2022,,
1.5e+18,2022,,
1.5e+18,2022,,
1.5e+18,2022,,
1.5e+18,2022,,
1.5e+18,2022,,
1.5e+18,2022,,
1.5e+18,2022,,
1.5e+18,2022,,
1.5e+18,2022,,
1.5e+18,2022,,
1.5e+18,2022,,
1.5e+18,2022,,
1.5e+18,2022,,
1.5e+18,2022,,
1.5e+18,2022,,
1.5e+18,2022,,
1.5e+18,2022,,
1.5e+18,2022,,
1.5e+18,2022,,
1.5e+18,2022,,
1.5e+18,2022,,
1.5e+18,2022,,
1.5e+18,2022,,
1.5e+18,2022,,
1.5e+18,2022,,
1.5e+18,2022,,
1.5e+18,2022,,
1.5e+18,2022,,
1.5e+18,2022,,
1.5e+18,2022,,
1.5e+18,2022,,
1.5e+18,2022,,
1.5e+18,2022,,
1.5e+18,2022,,
1.5e+18,2022,,
1.5e+18,2022,,
1.5e+18,2022,,
1.5e+18,2022,,
1.5e+18,2022,,
1.5e+18,2022,,
1.5e+18,2022,,
1.5e+18,2022,,
1.5e+18,2022,,
1.5e+18,2022,,
1.5e+18,2022,,
1.5e+18,2022,,
1.5e+18,2022,,
1.5e+18,2022,,
1.5e+18,2022,,
1.5e+18,2022,,
1.5e+18,2022,,
1.5e+18,2022,,
1.5e+18,2022,,
1.5e+18,2022,,
1.5e+18,2022,,
1.5e+18,2022,,
1.5e+18,2022,,
1.5e+18,2022,,
1.5e+18,2022,,
1.5e+18,2022,,
1.5e+18,2022,,
1.5e+18,2022,,
1.5e+18,2022,,
1.5e+18,2022,,
1.5e+18,2022,,
1.5e+18,2022,,
1.5e+18,2022,,
1.5e+18,2022,,
1.5e+18,2022,,
1.5e+18,2022,,
1.5e+18,2022,,
1.5e+18,2022,,
1.5e+18,2022,,
1.5e+18,2022,,
1.5e+18,2022,,
1.5e+18,2022,,
1.5e+18,2022,,
1.5e+18,2022,,
1.5e+18,2022,,
1.5e+18,2022,,
1.5e+18,2022,,
1.5e+18,2022,,
1.5e+18,2022,,
1.5e+18,2022,,
1.5e+18,2022,,
1.5e+18,2022,,
1.5e+18,2022,,
1.5e+18,2022,,
1.5e+18,2022,,
1.5e+18,2022,,
1.5e+18,2022,,
1.5e+18,2022,,
1.5e+18,2022,,
1.5e+18,2022,,
1.5e+18,2022,,
1.5e+18,2022,,
1.5e+18,2022,,
1.5e+18,2022,,
1.5e+18,2022,,
1.5e+18,2022,,
1.5e+18,2022,,
1.5e+18,2022,,
1.5e+18,2022,,
1.5e+18,2022,,
1.5e+18,2022,,
1.5e+18,2022,,
1.5e+18,2022,,
1.5e+18,2022,,
1.5e+18,2022,,
1.5e+18,2022,,
1.5e+18,2022,,
1.5e+18,2022,,
1.5e+18,2022,,
1.5e+18,2022,,
1.5e+18,2022,,
1.5e+18,2022,,
1.5e+18,2022,,
1.5e+18,2022,,
1.5e+18,2022,,
1.5e+18,2022,,
1.5e+18,2022,,
1.5e+18,2022,,
1.5e+18,2022,,
1.5e+18,2022,,
1.5e+18,2022,,
1.5e+18,2022,,
1.5e+18,2022,,
1.5e+18,2022,,
1.5e+18,2022,,
1.5e+18,2022,,
1.5e+18,2022,,
1.5e+18,2022,,
1.5e+18,2022,,
1.5e+18,2022,,
1.5e+18,2022,,
1.5e+18,2022,,
1.5e+18,2022,,
1.5e+18,2022,,
1.5e+18,2022,,
1.5e+18,2022,,
1.5e+18,2022,,
1.5e+18,2022,,
1.5e+18,2022,,
1.5e+18,2022,,
1.5e+18,2022,,
1.5e+18,2022,,
1.5e+18,2022,,
1.5e+18,2022,,
1.5e+18,2022,,
1.5e+18,2022,,
1.5e+18,2022,,
1.5e+18,2022,,
1.5e+18,2022,,
1.5e+18,2022,,
1.5e+18,2022,,
1.5e+18,2022,,
1.5e+18,2022,,
1.5e+18,2022,,
1.5e+18,2022,,
1.5e+18,2022,,
1.5e+18,2022,,
1.5e+18,2022,,
1.5e+18,2022,,
1.5e+18,2022,,
1.5e+18,2022,,
1.5e+18,2022,,
1.5e+18,2022,,
1.5e+18,2022,,
1.5e+18,2022,,
1.5e+18,2022,,
1.5e+18,2022,,
1.5e+18,2022,,
1.5e+18,2022,,
1.5e+18,2022,,
1.5e+18,2022,,
1.5e+18,2022,,
1.5e+18,2022,,
1.5e+18,2022,,
1.5e+18,2022,,
1.5e+18,2022,,
1.5e+18,2022,,
1.5e+18,2022,,
1.5e+18,2022,,
1.5e+18,2022,,
1.5e+18,2022,,
1.5e+18,2022,,
1.5e+18,2022,,
1.5e+18,2022,,
1.5e+18,2022,,
1.5e+18,2022,,
1.5e+18,2022,,
1.5e+18,2022,,
1.5e+18,2022,,
1.5e+18,2022,,
1.5e+18,2022,,
1.5e+18,2022,,
1.5e+18,2022,,
1.5e+18,2022,,
1.5e+18,2022,,
1.5e+18,2022,,
1.5e+18,2022,,
1.5e+18,2022,,
1.5e+18,2022,,
1.5e+18,2022,,
1.5e+18,2022,,
1.5e+18,2022,,
1.5e+18,2022,,
1.5e+18,2022,,
1.5e+18,2022,,
1.5e+18,2022,,
1.5e+18,2022,,
1.5e+18,2022,,
1.5e+18,2022,,
1.5e+18,2022,,
1.5e+18,2022,,
1.5e+18,2022,,
1.5e+18,2022,,
1.5e+18,2022,,
1.5e+18,2022,,
1.5e+18,2022,,
1.5e+18,2022,,
1.5e+18,2022,,
1.5e+18,2022,,
1.5e+18,2022,,
1.5e+18,2022,,
1.5e+18,2022,,
1.5e+18,2022,,
1.5e+18,2022,,
1.5e+18,2022,,
1.5e+18,2022,,
1.5e+18,2022,,
1.5e+18,2022,,
1.5e+18,2022,,
1.5e+18,2022,,
1.5e+18,2022,,
1.5e+18,2022,,
1.5e+18,2022,,
1.5e+18,2022,,
1.5e+18,2022,,
1.5e+18,2022,,
1.5e+18,2022,,
1.5e+18,2022,,
1.5e+18,2022,,
1.5e+18,2022,,
1.5e+18,2022,,
1.5e+18,2022,,
1.5e+18,2022,,
1.5e+18,2022,,
1.5e+18,2022,,
1.5e+18,2022,,
1.5e+18,2022,,
1.5e+18,2022,,
1.5e+18,2022,,
1.5e+18,2022,,
1.5e+18,2022,,
1.5e+18,2022,,
1.5e+18,2022,,
1.5e+18,2022,,
1.5e+18,2022,,
1.5e+18,2022,,
1.5e+18,2022,,
1.5e+18,2022,,
1.5e+18,2022,,
1.5e+18,2022,,
1.5e+18,2022,,
1.5e+18,2022,,
1.5e+18,2022,,
1.5e+18,2022,,
1.5e+18,2022,,
1.5e+18,2022,,
1.5e+18,2022,,
1.5e+18,2022,,
1.5e+18,2022,,
1.5e+18,2022,,
1.5e+18,2022,,
1.5e+18,2022,,
1.5e+18,2022,,
1.5e+18,2022,,
1.5e+18,2022,,
1.5e+18,2022,,
1.5e+18,2022,,
1.5e+18,2022,,
1.5e+18,2022,,
1.5e+18,2022,,
1.5e+18,2022,,
1.5e+18,2022,,
1.5e+18,2022,,
1.5e+18,2022,,
1.5e+18,2022,,
1.5e+18,2022,,
1.5e+18,2022,,
1.5e+18,2022,,
1.5e+18,2022,,
1.5e+18,2022,,
1.5e+18,2022,,
1.5e+18,2022,,
1.5e+18,2022,,
1.5e+18,2022,,
1.5e+18,2022,,
1.5e+18,2022,,
1.5e+18,2022,,
1.5e+18,2022,,
1.5e+18,2022,,
1.5e+18,2022,,
1.5e+18,2022,,
1.5e+18,2022,,
1.5e+18,2022,,
